/** @file
  Narrow font Data definition for GraphicsConsole driver.

Copyright (c) 2006 - 2008, Intel Corporation. All rights reserved.<BR>
SPDX-License-Identifier: BSD-2-Clause-Patent

**/

#include "GraphicsConsole.h"

#define FULL_CHINESE_SUPPORT

EFI_NARROW_GLYPH  gUsStdNarrowGlyphData[] = {
  //
  // Unicode glyphs from 0x20 to 0x7e are the same as ASCII characters 0x20 to 0x7e
  //
  { 0x0020, 0x00, {0x00,0x00,0x00,0x00,0x00,0x00,0x00,0x00,0x00,0x00,0x00,0x00,0x00,0x00,0x00,0x00,0x00,0x00,0x00}},
  { 0x0021, 0x00, {0x00,0x00,0x00,0x18,0x3C,0x3C,0x3C,0x18,0x18,0x18,0x18,0x18,0x00,0x18,0x18,0x00,0x00,0x00,0x00}},
  { 0x0022, 0x00, {0x00,0x00,0x00,0x6C,0x6C,0x6C,0x28,0x00,0x00,0x00,0x00,0x00,0x00,0x00,0x00,0x00,0x00,0x00,0x00}},
  { 0x0023, 0x00, {0x00,0x00,0x00,0x00,0x6C,0x6C,0x6C,0xFE,0x6C,0x6C,0x6C,0xFE,0x6C,0x6C,0x6C,0x00,0x00,0x00,0x00}},
  { 0x0024, 0x00, {0x00,0x00,0x18,0x18,0x7C,0xC6,0xC6,0x60,0x38,0x0C,0x06,0xC6,0xC6,0x7C,0x18,0x18,0x00,0x00,0x00}},
  { 0x0025, 0x00, {0x00,0x00,0x00,0xC6,0xC6,0x0C,0x0C,0x18,0x18,0x30,0x30,0x60,0x60,0xC6,0xC6,0x00,0x00,0x00,0x00}},
  { 0x0026, 0x00, {0x00,0x00,0x00,0x78,0xCC,0xCC,0xCC,0x78,0x76,0xDC,0xCC,0xCC,0xCC,0xCC,0x76,0x00,0x00,0x00,0x00}},
  { 0x0027, 0x00, {0x00,0x00,0x18,0x18,0x18,0x30,0x00,0x00,0x00,0x00,0x00,0x00,0x00,0x00,0x00,0x00,0x00,0x00,0x00}},
  { 0x0028, 0x00, {0x00,0x00,0x00,0x06,0x0C,0x0C,0x18,0x18,0x18,0x18,0x18,0x18,0x0C,0x0C,0x06,0x00,0x00,0x00,0x00}},
  { 0x0029, 0x00, {0x00,0x00,0x00,0xC0,0x60,0x60,0x30,0x30,0x30,0x30,0x30,0x30,0x60,0x60,0xC0,0x00,0x00,0x00,0x00}},
  { 0x002a, 0x00, {0x00,0x00,0x00,0x00,0x00,0x00,0x00,0x6C,0x38,0xFE,0x38,0x6C,0x00,0x00,0x00,0x00,0x00,0x00,0x00}},
  { 0x002b, 0x00, {0x00,0x00,0x00,0x00,0x00,0x00,0x00,0x18,0x18,0x7E,0x18,0x18,0x00,0x00,0x00,0x00,0x00,0x00,0x00}},
  { 0x002c, 0x00, {0x00,0x00,0x00,0x00,0x00,0x00,0x00,0x00,0x00,0x00,0x00,0x18,0x18,0x18,0x30,0x00,0x00,0x00,0x00}},
  { 0x002d, 0x00, {0x00,0x00,0x00,0x00,0x00,0x00,0x00,0x00,0x00,0x7E,0x00,0x00,0x00,0x00,0x00,0x00,0x00,0x00,0x00}},
  { 0x002e, 0x00, {0x00,0x00,0x00,0x00,0x00,0x00,0x00,0x00,0x00,0x00,0x00,0x00,0x18,0x18,0x00,0x00,0x00,0x00,0x00}},
  { 0x002f, 0x00, {0x00,0x00,0x00,0x06,0x06,0x0C,0x0C,0x18,0x18,0x30,0x30,0x60,0x60,0xC0,0xC0,0x00,0x00,0x00,0x00}},
  { 0x0030, 0x00, {0x00,0x00,0x00,0x38,0x6C,0xC6,0xC6,0xC6,0xD6,0xD6,0xC6,0xC6,0xC6,0x6C,0x38,0x00,0x00,0x00,0x00}},
  { 0x0031, 0x00, {0x00,0x00,0x00,0x18,0x38,0x78,0x18,0x18,0x18,0x18,0x18,0x18,0x18,0x18,0x7E,0x00,0x00,0x00,0x00}},
  { 0x0032, 0x00, {0x00,0x00,0x00,0x7C,0xC6,0x06,0x06,0x06,0x0C,0x18,0x30,0x60,0xC0,0xC2,0xFE,0x00,0x00,0x00,0x00}},
  { 0x0033, 0x00, {0x00,0x00,0x00,0x7C,0xC6,0x06,0x06,0x06,0x3C,0x06,0x06,0x06,0x06,0xC6,0x7C,0x00,0x00,0x00,0x00}},
  { 0x0034, 0x00, {0x00,0x00,0x00,0x1C,0x1C,0x3C,0x3C,0x6C,0x6C,0xCC,0xFE,0x0C,0x0C,0x0C,0x1E,0x00,0x00,0x00,0x00}},
  { 0x0035, 0x00, {0x00,0x00,0x00,0xFE,0xC0,0xC0,0xC0,0xC0,0xFC,0x06,0x06,0x06,0x06,0xC6,0x7C,0x00,0x00,0x00,0x00}},
  { 0x0036, 0x00, {0x00,0x00,0x00,0x3C,0x60,0xC0,0xC0,0xC0,0xFC,0xC6,0xC6,0xC6,0xC6,0xC6,0x7C,0x00,0x00,0x00,0x00}},
  { 0x0037, 0x00, {0x00,0x00,0x00,0xFE,0xC6,0x06,0x06,0x06,0x0C,0x18,0x18,0x18,0x18,0x18,0x18,0x00,0x00,0x00,0x00}},
  { 0x0038, 0x00, {0x00,0x00,0x00,0x7C,0xC6,0xC6,0xC6,0xC6,0x7C,0xC6,0xC6,0xC6,0xC6,0xC6,0x7C,0x00,0x00,0x00,0x00}},
  { 0x0039, 0x00, {0x00,0x00,0x00,0x7C,0xC6,0xC6,0xC6,0xC6,0x7E,0x06,0x06,0x06,0x06,0x0C,0x78,0x00,0x00,0x00,0x00}},
  { 0x003a, 0x00, {0x00,0x00,0x00,0x00,0x00,0x00,0x00,0x18,0x18,0x00,0x00,0x00,0x18,0x18,0x00,0x00,0x00,0x00,0x00}},
  { 0x003b, 0x00, {0x00,0x00,0x00,0x00,0x00,0x00,0x00,0x18,0x18,0x00,0x00,0x00,0x18,0x18,0x30,0x00,0x00,0x00,0x00}},
  { 0x003c, 0x00, {0x00,0x00,0x00,0x00,0x06,0x0C,0x18,0x30,0x60,0xC0,0x60,0x30,0x18,0x0C,0x06,0x00,0x00,0x00,0x00}},
  { 0x003d, 0x00, {0x00,0x00,0x00,0x00,0x00,0x00,0x00,0x00,0xFE,0x00,0x00,0xFE,0x00,0x00,0x00,0x00,0x00,0x00,0x00}},
  { 0x003e, 0x00, {0x00,0x00,0x00,0x00,0xC0,0x60,0x30,0x18,0x0C,0x06,0x0C,0x18,0x30,0x60,0xC0,0x00,0x00,0x00,0x00}},
  { 0x003f, 0x00, {0x00,0x00,0x00,0x7C,0xC6,0xC6,0x0C,0x0C,0x18,0x18,0x18,0x00,0x00,0x18,0x18,0x00,0x00,0x00,0x00}},
  { 0x0040, 0x00, {0x00,0x00,0x00,0x00,0x7C,0xC6,0xC6,0xC6,0xDE,0xDE,0xDE,0xDC,0xC0,0xC0,0x7E,0x00,0x00,0x00,0x00}},

  { 0x0041, 0x00, {0x00,0x00,0x00,0x10,0x38,0x6C,0xC6,0xC6,0xC6,0xFE,0xC6,0xC6,0xC6,0xC6,0xC6,0x00,0x00,0x00,0x00}},

  { 0x0042, 0x00, {0x00,0x00,0x00,0xFC,0x66,0x66,0x66,0x66,0x7C,0x66,0x66,0x66,0x66,0x66,0xFC,0x00,0x00,0x00,0x00}},
  { 0x0043, 0x00, {0x00,0x00,0x00,0x3C,0x66,0xC2,0xC0,0xC0,0xC0,0xC0,0xC0,0xC0,0xC2,0x66,0x3C,0x00,0x00,0x00,0x00}},
  { 0x0044, 0x00, {0x00,0x00,0x00,0xF8,0x6C,0x66,0x66,0x66,0x66,0x66,0x66,0x66,0x66,0x6C,0xF8,0x00,0x00,0x00,0x00}},
  { 0x0045, 0x00, {0x00,0x00,0x00,0xFE,0x66,0x62,0x60,0x68,0x78,0x68,0x60,0x60,0x62,0x66,0xFE,0x00,0x00,0x00,0x00}},
  { 0x0046, 0x00, {0x00,0x00,0x00,0xFE,0x66,0x62,0x60,0x64,0x7C,0x64,0x60,0x60,0x60,0x60,0xF0,0x00,0x00,0x00,0x00}},
  { 0x0047, 0x00, {0x00,0x00,0x00,0x3C,0x66,0xC2,0xC0,0xC0,0xC0,0xDE,0xC6,0xC6,0xC6,0x66,0x3C,0x00,0x00,0x00,0x00}},
  { 0x0048, 0x00, {0x00,0x00,0x00,0xC6,0xC6,0xC6,0xC6,0xC6,0xFE,0xC6,0xC6,0xC6,0xC6,0xC6,0xC6,0x00,0x00,0x00,0x00}},
  { 0x0049, 0x00, {0x00,0x00,0x00,0xFC,0x30,0x30,0x30,0x30,0x30,0x30,0x30,0x30,0x30,0x30,0xFC,0x00,0x00,0x00,0x00}},
  { 0x004a, 0x00, {0x00,0x00,0x00,0x1E,0x0C,0x0C,0x0C,0x0C,0x0C,0x0C,0x0C,0x0C,0xCC,0xCC,0x78,0x00,0x00,0x00,0x00}},
  { 0x004b, 0x00, {0x00,0x00,0x00,0xE6,0x66,0x6C,0x6C,0x78,0x70,0x78,0x6C,0x6C,0x66,0x66,0xE6,0x00,0x00,0x00,0x00}},
  { 0x004c, 0x00, {0x00,0x00,0x00,0xF0,0x60,0x60,0x60,0x60,0x60,0x60,0x60,0x60,0x62,0x66,0xFE,0x00,0x00,0x00,0x00}},
  { 0x004d, 0x00, {0x00,0x00,0x00,0xC6,0xEE,0xEE,0xFE,0xFE,0xD6,0xC6,0xC6,0xC6,0xC6,0xC6,0xC6,0x00,0x00,0x00,0x00}},
  { 0x004e, 0x00, {0x00,0x00,0x00,0xC6,0xE6,0xF6,0xF6,0xF6,0xDE,0xCE,0xCE,0xC6,0xC6,0xC6,0xC6,0x00,0x00,0x00,0x00}},
  { 0x004f, 0x00, {0x00,0x00,0x00,0x7C,0xC6,0xC6,0xC6,0xC6,0xC6,0xC6,0xC6,0xC6,0xC6,0xC6,0x7C,0x00,0x00,0x00,0x00}},
  { 0x0050, 0x00, {0x00,0x00,0x00,0xFC,0x66,0x66,0x66,0x66,0x66,0x7C,0x60,0x60,0x60,0x60,0xF0,0x00,0x00,0x00,0x00}},
  { 0x0051, 0x00, {0x00,0x00,0x00,0x7C,0xC6,0xC6,0xC6,0xC6,0xC6,0xC6,0xC6,0xC6,0xD6,0xD6,0x7C,0x1C,0x0E,0x00,0x00}},
  { 0x0052, 0x00, {0x00,0x00,0x00,0xFC,0x66,0x66,0x66,0x66,0x7C,0x78,0x6C,0x6C,0x66,0x66,0xE6,0x00,0x00,0x00,0x00}},
  { 0x0053, 0x00, {0x00,0x00,0x00,0x7C,0xC6,0xC6,0xC6,0x60,0x38,0x0C,0x06,0x06,0xC6,0xC6,0x7C,0x00,0x00,0x00,0x00}},
  { 0x0054, 0x00, {0x00,0x00,0x00,0xFC,0xFC,0xB4,0x30,0x30,0x30,0x30,0x30,0x30,0x30,0x30,0x78,0x00,0x00,0x00,0x00}},
  { 0x0055, 0x00, {0x00,0x00,0x00,0xC6,0xC6,0xC6,0xC6,0xC6,0xC6,0xC6,0xC6,0xC6,0xC6,0xC6,0x7C,0x00,0x00,0x00,0x00}},
  { 0x0056, 0x00, {0x00,0x00,0x00,0xC6,0xC6,0xC6,0xC6,0xC6,0xC6,0xC6,0xC6,0xC6,0x6C,0x38,0x10,0x00,0x00,0x00,0x00}},
  { 0x0057, 0x00, {0x00,0x00,0x00,0xC6,0xC6,0xC6,0xC6,0xC6,0xC6,0xD6,0xD6,0xD6,0xFE,0x6C,0x6C,0x00,0x00,0x00,0x00}},
  { 0x0058, 0x00, {0x00,0x00,0x00,0xC6,0xC6,0xC6,0x6C,0x6C,0x38,0x6C,0x6C,0xC6,0xC6,0xC6,0xC6,0x00,0x00,0x00,0x00}},
  { 0x0059, 0x00, {0x00,0x00,0x00,0xCC,0xCC,0xCC,0xCC,0xCC,0x78,0x30,0x30,0x30,0x30,0x30,0x78,0x00,0x00,0x00,0x00}},
  { 0x005a, 0x00, {0x00,0x00,0x00,0xFE,0xC6,0x86,0x0C,0x0C,0x18,0x30,0x60,0xC0,0xC2,0xC6,0xFE,0x00,0x00,0x00,0x00}},
  { 0x005b, 0x00, {0x00,0x00,0x00,0x1E,0x18,0x18,0x18,0x18,0x18,0x18,0x18,0x18,0x18,0x18,0x1E,0x00,0x00,0x00,0x00}},
  { 0x005c, 0x00, {0x00,0x00,0x00,0xC0,0xC0,0x60,0x60,0x30,0x30,0x18,0x18,0x0C,0x0C,0x06,0x06,0x00,0x00,0x00,0x00}},
  { 0x005d, 0x00, {0x00,0x00,0x00,0xF0,0x30,0x30,0x30,0x30,0x30,0x30,0x30,0x30,0x30,0x30,0xF0,0x00,0x00,0x00,0x00}},
  { 0x005e, 0x00, {0x00,0x00,0x10,0x38,0x6C,0xC6,0x00,0x00,0x00,0x00,0x00,0x00,0x00,0x00,0x00,0x00,0x00,0x00,0x00}},
  { 0x005f, 0x00, {0x00,0x00,0x00,0x00,0x00,0x00,0x00,0x00,0x00,0x00,0x00,0x00,0x00,0x00,0xFE,0x00,0x00,0x00,0x00}},
  { 0x0060, 0x00, {0x00,0x30,0x30,0x18,0x00,0x00,0x00,0x00,0x00,0x00,0x00,0x00,0x00,0x00,0x00,0x00,0x00,0x00,0x00}},
  { 0x0061, 0x00, {0x00,0x00,0x00,0x00,0x00,0x00,0x00,0x78,0x0C,0x0C,0x7C,0xCC,0xCC,0xCC,0x76,0x00,0x00,0x00,0x00}},
  { 0x0062, 0x00, {0x00,0x00,0x00,0xE0,0x60,0x60,0x60,0x7C,0x66,0x66,0x66,0x66,0x66,0x66,0x7C,0x00,0x00,0x00,0x00}},
  { 0x0063, 0x00, {0x00,0x00,0x00,0x00,0x00,0x00,0x00,0x7C,0xC6,0xC0,0xC0,0xC0,0xC0,0xC6,0x7C,0x00,0x00,0x00,0x00}},
  { 0x0064, 0x00, {0x00,0x00,0x00,0x1C,0x0C,0x0C,0x0C,0x3C,0x6C,0xCC,0xCC,0xCC,0xCC,0xCC,0x7E,0x00,0x00,0x00,0x00}},
  { 0x0065, 0x00, {0x00,0x00,0x00,0x00,0x00,0x00,0x00,0x7C,0xC6,0xC6,0xFE,0xC0,0xC0,0xC6,0x7C,0x00,0x00,0x00,0x00}},
  { 0x0066, 0x00, {0x00,0x00,0x00,0x1E,0x33,0x30,0x30,0x30,0x78,0x30,0x30,0x30,0x30,0x30,0x78,0x00,0x00,0x00,0x00}},
  { 0x0067, 0x00, {0x00,0x00,0x00,0x00,0x00,0x00,0x00,0x76,0xCC,0xCC,0xCC,0xCC,0xCC,0xCC,0x7C,0x0C,0xCC,0x78,0x00}},
  { 0x0068, 0x00, {0x00,0x00,0x00,0xE0,0x60,0x60,0x60,0x7C,0x76,0x66,0x66,0x66,0x66,0x66,0xE6,0x00,0x00,0x00,0x00}},
  { 0x0069, 0x00, {0x00,0x00,0x00,0x00,0x18,0x18,0x00,0x38,0x18,0x18,0x18,0x18,0x18,0x18,0x3C,0x00,0x00,0x00,0x00}},
  { 0x006a, 0x00, {0x00,0x00,0x00,0x0C,0x0C,0x0C,0x00,0x1C,0x0C,0x0C,0x0C,0x0C,0x0C,0x0C,0x0C,0x0C,0x6C,0x38,0x00}},
  { 0x006b, 0x00, {0x00,0x00,0x00,0xE0,0x60,0x60,0x66,0x6C,0x78,0x70,0x78,0x6C,0x6C,0x66,0xE6,0x00,0x00,0x00,0x00}},
  { 0x006c, 0x00, {0x00,0x00,0x00,0x38,0x18,0x18,0x18,0x18,0x18,0x18,0x18,0x18,0x18,0x18,0x3C,0x00,0x00,0x00,0x00}},
  { 0x006d, 0x00, {0x00,0x00,0x00,0x00,0x00,0x00,0x00,0xEC,0xEE,0xFE,0xD6,0xD6,0xD6,0xD6,0xD6,0x00,0x00,0x00,0x00}},
  { 0x006e, 0x00, {0x00,0x00,0x00,0x00,0x00,0x00,0x00,0xDC,0x66,0x66,0x66,0x66,0x66,0x66,0x66,0x00,0x00,0x00,0x00}},
  { 0x006f, 0x00, {0x00,0x00,0x00,0x00,0x00,0x00,0x00,0x7C,0xC6,0xC6,0xC6,0xC6,0xC6,0xC6,0x7C,0x00,0x00,0x00,0x00}},
  { 0x0070, 0x00, {0x00,0x00,0x00,0x00,0x00,0x00,0x00,0xDC,0x66,0x66,0x66,0x66,0x66,0x66,0x7C,0x60,0x60,0xF0,0x00}},
  { 0x0071, 0x00, {0x00,0x00,0x00,0x00,0x00,0x00,0x00,0x76,0xCC,0xCC,0xCC,0xCC,0xCC,0xCC,0x7C,0x0C,0x0C,0x1E,0x00}},
  { 0x0072, 0x00, {0x00,0x00,0x00,0x00,0x00,0x00,0x00,0xDC,0x66,0x60,0x60,0x60,0x60,0x60,0xF0,0x00,0x00,0x00,0x00}},
  { 0x0073, 0x00, {0x00,0x00,0x00,0x00,0x00,0x00,0x00,0x7C,0xC6,0xC0,0x7C,0x06,0x06,0xC6,0x7C,0x00,0x00,0x00,0x00}},
  { 0x0074, 0x00, {0x00,0x00,0x00,0x10,0x30,0x30,0x30,0xFC,0x30,0x30,0x30,0x30,0x30,0x36,0x1C,0x00,0x00,0x00,0x00}},
  { 0x0075, 0x00, {0x00,0x00,0x00,0x00,0x00,0x00,0x00,0xCC,0xCC,0xCC,0xCC,0xCC,0xCC,0xCC,0x76,0x00,0x00,0x00,0x00}},
  { 0x0076, 0x00, {0x00,0x00,0x00,0x00,0x00,0x00,0x00,0xCC,0xCC,0xCC,0xCC,0xCC,0xCC,0x78,0x30,0x00,0x00,0x00,0x00}},
  { 0x0077, 0x00, {0x00,0x00,0x00,0x00,0x00,0x00,0x00,0xC6,0xC6,0xC6,0xD6,0xD6,0xFE,0xEE,0x6C,0x00,0x00,0x00,0x00}},
  { 0x0078, 0x00, {0x00,0x00,0x00,0x00,0x00,0x00,0x00,0xC6,0x6C,0x38,0x38,0x6C,0x6C,0xC6,0xC6,0x00,0x00,0x00,0x00}},
  { 0x0079, 0x00, {0x00,0x00,0x00,0x00,0x00,0x00,0x00,0xC6,0xC6,0xC6,0xC6,0xC6,0xC6,0xC6,0x7E,0x06,0x0C,0xF8,0x00}},
  { 0x007a, 0x00, {0x00,0x00,0x00,0x00,0x00,0x00,0x00,0xFE,0x86,0x0C,0x18,0x30,0x60,0xC0,0xFE,0x00,0x00,0x00,0x00}},
  { 0x007b, 0x00, {0x00,0x00,0x00,0x0E,0x18,0x18,0x18,0x18,0x30,0x18,0x18,0x18,0x18,0x18,0x0E,0x00,0x00,0x00,0x00}},
  { 0x007c, 0x00, {0x00,0x00,0x00,0x18,0x18,0x18,0x18,0x18,0x18,0x18,0x18,0x18,0x18,0x18,0x18,0x00,0x00,0x00,0x00}},
  { 0x007d, 0x00, {0x00,0x00,0x00,0xE0,0x30,0x30,0x30,0x30,0x18,0x30,0x30,0x30,0x30,0x30,0xE0,0x00,0x00,0x00,0x00}},
  { 0x007e, 0x00, {0x00,0x00,0x00,0x76,0xDC,0x00,0x00,0x00,0x00,0x00,0x00,0x00,0x00,0x00,0x00,0x00,0x00,0x00,0x00}},

  { 0x00a0, 0x00, {0x00,0x00,0x00,0x00,0x00,0x00,0x00,0x00,0x00,0x00,0x00,0x00,0x00,0x00,0x00,0x00,0x00,0x00,0x00}},
  { 0x00a1, 0x00, {0x00,0x00,0x00,0x18,0x18,0x00,0x18,0x18,0x18,0x18,0x18,0x3C,0x3C,0x3C,0x18,0x00,0x00,0x00,0x00}},
  { 0x00a2, 0x00, {0x00,0x00,0x00,0x00,0x18,0x18,0x7C,0xC6,0xC0,0xC0,0xC0,0xC6,0x7C,0x18,0x18,0x00,0x00,0x00,0x00}},
  { 0x00a3, 0x00, {0x00,0x00,0x00,0x38,0x6C,0x64,0x60,0x60,0xF0,0x60,0x60,0x60,0x60,0xE6,0xFC,0x00,0x00,0x00,0x00}},
  { 0x00a4, 0x00, {0x00,0x00,0x18,0x00,0x00,0x00,0xC6,0x7C,0xC6,0xC6,0xC6,0xC6,0x7C,0xC6,0x00,0x00,0x00,0x00,0x00}},
  { 0x00a5, 0x00, {0x00,0x00,0x00,0x66,0x66,0x66,0x3C,0x18,0x7E,0x18,0x7E,0x18,0x18,0x18,0x18,0x00,0x00,0x00,0x00}},
  { 0x00a6, 0x00, {0x00,0x00,0x00,0x18,0x18,0x18,0x18,0x18,0x00,0x00,0x18,0x18,0x18,0x18,0x18,0x00,0x00,0x00,0x00}},
  { 0x00a7, 0x00, {0x00,0x00,0x18,0x7C,0xC6,0x60,0x38,0x6C,0xC6,0xC6,0x6C,0x38,0x0C,0xC6,0x7C,0x00,0x00,0x00,0x00}},
  { 0x00a8, 0x00, {0x00,0x00,0x00,0xC6,0x00,0x00,0x00,0x00,0x00,0x00,0x00,0x00,0x00,0x00,0x00,0x00,0x00,0x00,0x00}},
  { 0x00a9, 0x00, {0x00,0x00,0x00,0x00,0x7C,0x82,0x9A,0xA2,0xA2,0xA2,0x9A,0x82,0x7C,0x00,0x00,0x00,0x00,0x00,0x00}},
  { 0x00aa, 0x00, {0x00,0x00,0x00,0x00,0x3C,0x6C,0x6C,0x6C,0x3E,0x00,0x7E,0x00,0x00,0x00,0x00,0x00,0x00,0x00,0x00}},
  { 0x00ab, 0x00, {0x00,0x00,0x00,0x00,0x00,0x00,0x00,0x36,0x6C,0xD8,0x6C,0x36,0x00,0x00,0x00,0x00,0x00,0x00,0x00}},
  { 0x00ac, 0x00, {0x00,0x00,0x00,0x00,0x00,0x00,0x00,0x00,0xFE,0x06,0x06,0x06,0x06,0x00,0x00,0x00,0x00,0x00,0x00}},
  { 0x00ad, 0x00, {0x00,0x00,0x00,0x00,0x00,0x00,0x00,0x00,0x00,0xFE,0x00,0x00,0x00,0x00,0x00,0x00,0x00,0x00,0x00}},
  { 0x00ae, 0x00, {0x00,0x00,0x00,0x00,0x7C,0x82,0xB2,0xAA,0xAA,0xB2,0xAA,0xAA,0x82,0x7C,0x00,0x00,0x00,0x00,0x00}},
  { 0x00af, 0x00, {0x00,0x00,0x00,0xFF,0x00,0x00,0x00,0x00,0x00,0x00,0x00,0x00,0x00,0x00,0x00,0x00,0x00,0x00,0x00}},
  { 0x00b0, 0x00, {0x00,0x00,0x00,0x38,0x6C,0x6C,0x38,0x00,0x00,0x00,0x00,0x00,0x00,0x00,0x00,0x00,0x00,0x00,0x00}},
  { 0x00b1, 0x00, {0x00,0x00,0x00,0x00,0x00,0x00,0x18,0x18,0x7E,0x18,0x18,0x00,0x00,0x7E,0x00,0x00,0x00,0x00,0x00}},
  { 0x00b2, 0x00, {0x00,0x00,0x00,0x3C,0x66,0x0C,0x18,0x32,0x7E,0x00,0x00,0x00,0x00,0x00,0x00,0x00,0x00,0x00,0x00}},
  { 0x00b3, 0x00, {0x00,0x00,0x00,0x7C,0x06,0x3C,0x06,0x06,0x7C,0x00,0x00,0x00,0x00,0x00,0x00,0x00,0x00,0x00,0x00}},
  { 0x00b4, 0x00, {0x00,0x00,0x00,0x0C,0x18,0x30,0x00,0x00,0x00,0x00,0x00,0x00,0x00,0x00,0x00,0x00,0x00,0x00,0x00}},
  { 0x00b5, 0x00, {0x00,0x00,0x00,0x00,0x00,0x00,0x00,0x66,0x66,0x66,0x66,0x66,0x66,0x66,0x7C,0x60,0x60,0xC0,0x00}},
  { 0x00b6, 0x00, {0x00,0x00,0x00,0x7F,0xDB,0xDB,0xDB,0xDB,0x7B,0x1B,0x1B,0x1B,0x1B,0x1B,0x1B,0x00,0x00,0x00,0x00}},
  { 0x00b7, 0x00, {0x00,0x00,0x00,0x00,0x00,0x00,0x00,0x00,0x00,0x18,0x00,0x00,0x00,0x00,0x00,0x00,0x00,0x00,0x00}},
  { 0x00b8, 0x00, {0x00,0x00,0x00,0x00,0x00,0x00,0x00,0x00,0x00,0x00,0x00,0x00,0x00,0x18,0x0C,0x78,0x00,0x00,0x00}},
  { 0x00b9, 0x00, {0x00,0x00,0x00,0x18,0x38,0x18,0x18,0x18,0x3C,0x00,0x00,0x00,0x00,0x00,0x00,0x00,0x00,0x00,0x00}},
  { 0x00ba, 0x00, {0x00,0x00,0x00,0x00,0x38,0x6C,0x6C,0x6C,0x38,0x00,0x7C,0x00,0x00,0x00,0x00,0x00,0x00,0x00,0x00}},
  { 0x00bb, 0x00, {0x00,0x00,0x00,0x00,0x00,0x00,0x00,0xD8,0x6C,0x36,0x6C,0xD8,0x00,0x00,0x00,0x00,0x00,0x00,0x00}},
  { 0x00bc, 0x00, {0x00,0x00,0x00,0x60,0xE0,0x62,0x66,0x6C,0x18,0x30,0x66,0xCE,0x9A,0x3F,0x06,0x06,0x00,0x00,0x00}},
  { 0x00bd, 0x00, {0x00,0x00,0x00,0x60,0xE0,0x62,0x66,0x6C,0x18,0x30,0x60,0xDC,0x86,0x0C,0x18,0x3E,0x00,0x00,0x00}},
  { 0x00be, 0x00, {0x00,0x00,0x00,0xE0,0x30,0x62,0x36,0xEC,0x18,0x30,0x66,0xCE,0x9A,0x3F,0x06,0x06,0x00,0x00,0x00}},
  { 0x00bf, 0x00, {0x00,0x00,0x00,0x00,0x30,0x30,0x00,0x30,0x30,0x60,0x60,0xC0,0xC6,0xC6,0x7C,0x00,0x00,0x00,0x00}},
  { 0x00c0, 0x00, {0x60,0x30,0x18,0x10,0x38,0x6C,0xC6,0xC6,0xC6,0xFE,0xC6,0xC6,0xC6,0xC6,0xC6,0x00,0x00,0x00,0x00}},
  { 0x00c1, 0x00, {0x18,0x30,0x60,0x10,0x38,0x6C,0xC6,0xC6,0xC6,0xFE,0xC6,0xC6,0xC6,0xC6,0xC6,0x00,0x00,0x00,0x00}},
  { 0x00c2, 0x00, {0x10,0x38,0x6C,0x10,0x38,0x6C,0xC6,0xC6,0xC6,0xFE,0xC6,0xC6,0xC6,0xC6,0xC6,0x00,0x00,0x00,0x00}},
  { 0x00c3, 0x00, {0x76,0xDC,0x00,0x00,0x38,0x6C,0xC6,0xC6,0xC6,0xFE,0xC6,0xC6,0xC6,0xC6,0xC6,0x00,0x00,0x00,0x00}},
  { 0x00c4, 0x00, {0xCC,0xCC,0x00,0x00,0x10,0x38,0x6C,0xC6,0xC6,0xC6,0xFE,0xC6,0xC6,0xC6,0xC6,0x00,0x00,0x00,0x00}},
  { 0x00c5, 0x00, {0x38,0x6C,0x38,0x00,0x10,0x38,0x6C,0xC6,0xC6,0xC6,0xFE,0xC6,0xC6,0xC6,0xC6,0x00,0x00,0x00,0x00}},
  { 0x00c6, 0x00, {0x00,0x00,0x00,0x00,0x3E,0x6C,0xCC,0xCC,0xCC,0xFE,0xCC,0xCC,0xCC,0xCC,0xCE,0x00,0x00,0x00,0x00}},
  { 0x00c7, 0x00, {0x00,0x00,0x00,0x3C,0x66,0xC2,0xC0,0xC0,0xC0,0xC0,0xC0,0xC0,0xC2,0x66,0x3C,0x18,0x70,0x00,0x00}},
  { 0x00c8, 0x00, {0x60,0x30,0x18,0x00,0xFE,0x66,0x62,0x60,0x68,0x78,0x68,0x60,0x62,0x66,0xFE,0x00,0x00,0x00,0x00}},
  { 0x00c9, 0x00, {0x18,0x30,0x60,0x00,0xFE,0x66,0x62,0x60,0x68,0x78,0x68,0x60,0x62,0x66,0xFE,0x00,0x00,0x00,0x00}},
  { 0x00ca, 0x00, {0x10,0x38,0x6C,0x00,0xFE,0x66,0x62,0x60,0x68,0x78,0x68,0x60,0x62,0x66,0xFE,0x00,0x00,0x00,0x00}},
  { 0x00cb, 0x00, {0xCC,0xCC,0x00,0x00,0xFE,0x66,0x62,0x60,0x68,0x78,0x68,0x60,0x62,0x66,0xFE,0x00,0x00,0x00,0x00}},
  { 0x00cc, 0x00, {0x60,0x30,0x00,0x00,0x3C,0x18,0x18,0x18,0x18,0x18,0x18,0x18,0x18,0x18,0x3C,0x00,0x00,0x00,0x00}},
  { 0x00cd, 0x00, {0x18,0x30,0x00,0x00,0x3C,0x18,0x18,0x18,0x18,0x18,0x18,0x18,0x18,0x18,0x3C,0x00,0x00,0x00,0x00}},
  { 0x00ce, 0x00, {0x10,0x38,0x6C,0x00,0x3C,0x18,0x18,0x18,0x18,0x18,0x18,0x18,0x18,0x18,0x3C,0x00,0x00,0x00,0x00}},
  { 0x00cf, 0x00, {0xCC,0xCC,0x00,0x00,0x3C,0x18,0x18,0x18,0x18,0x18,0x18,0x18,0x18,0x18,0x3C,0x00,0x00,0x00,0x00}},
  { 0x00d0, 0x00, {0x00,0x00,0x00,0xF8,0x6C,0x66,0x66,0x66,0xF6,0x66,0x66,0x66,0x66,0x6C,0xF8,0x00,0x00,0x00,0x00}},
  { 0x00d1, 0x00, {0x76,0xDC,0x00,0x00,0xC6,0xE6,0xE6,0xF6,0xF6,0xDE,0xDE,0xCE,0xCE,0xC6,0xC6,0x00,0x00,0x00,0x00}},
  { 0x00d2, 0x00, {0x60,0x30,0x00,0x00,0x7C,0xC6,0xC6,0xC6,0xC6,0xC6,0xC6,0xC6,0xC6,0xC6,0x7C,0x00,0x00,0x00,0x00}},
  { 0x00d3, 0x00, {0x18,0x30,0x00,0x00,0x7C,0xC6,0xC6,0xC6,0xC6,0xC6,0xC6,0xC6,0xC6,0xC6,0x7C,0x00,0x00,0x00,0x00}},
  { 0x00d4, 0x00, {0x10,0x38,0x6C,0x00,0x7C,0xC6,0xC6,0xC6,0xC6,0xC6,0xC6,0xC6,0xC6,0xC6,0x7C,0x00,0x00,0x00,0x00}},
  { 0x00d5, 0x00, {0x76,0xDC,0x00,0x00,0x7C,0xC6,0xC6,0xC6,0xC6,0xC6,0xC6,0xC6,0xC6,0xC6,0x7C,0x00,0x00,0x00,0x00}},
  { 0x00d6, 0x00, {0xCC,0xCC,0x00,0x00,0x7C,0xC6,0xC6,0xC6,0xC6,0xC6,0xC6,0xC6,0xC6,0xC6,0x7C,0x00,0x00,0x00,0x00}},
  { 0x00d7, 0x00, {0x10,0x28,0x00,0x00,0x00,0x00,0x00,0xC6,0x6C,0x38,0x38,0x6C,0x6C,0xC6,0x00,0x00,0x00,0x00,0x00}},
  { 0x00d8, 0x00, {0x00,0x00,0x00,0x7C,0xCE,0xCE,0xDE,0xD6,0xD6,0xD6,0xD6,0xF6,0xE6,0xE6,0x7C,0x40,0x00,0x00,0x00}},
  { 0x00d9, 0x00, {0x60,0x30,0x00,0x00,0xC6,0xC6,0xC6,0xC6,0xC6,0xC6,0xC6,0xC6,0xC6,0xC6,0x7C,0x00,0x00,0x00,0x00}},
  { 0x00da, 0x00, {0x18,0x30,0x00,0x00,0xC6,0xC6,0xC6,0xC6,0xC6,0xC6,0xC6,0xC6,0xC6,0xC6,0x7C,0x00,0x00,0x00,0x00}},
  { 0x00db, 0x00, {0x10,0x38,0x6C,0x00,0xC6,0xC6,0xC6,0xC6,0xC6,0xC6,0xC6,0xC6,0xC6,0xC6,0x7C,0x00,0x00,0x00,0x00}},
  { 0x00dc, 0x00, {0xCC,0xCC,0x00,0x00,0xC6,0xC6,0xC6,0xC6,0xC6,0xC6,0xC6,0xC6,0xC6,0xC6,0x7C,0x00,0x00,0x00,0x00}},
  { 0x00dd, 0x00, {0x18,0x30,0x00,0x00,0x66,0x66,0x66,0x66,0x66,0x3C,0x18,0x18,0x18,0x18,0x3C,0x00,0x00,0x00,0x00}},
  { 0x00de, 0x00, {0x00,0x00,0x10,0x00,0xF0,0x60,0x60,0x7C,0x66,0x66,0x66,0x66,0x7C,0x60,0xF0,0x00,0x00,0x00,0x00}},
  { 0x00df, 0x00, {0x00,0x00,0x00,0x78,0xCC,0xCC,0xCC,0xCC,0xD8,0xCC,0xC6,0xC6,0xC6,0xC6,0xCC,0x00,0x00,0x00,0x00}},
  { 0x00e0, 0x00, {0x00,0x30,0x30,0x60,0x30,0x18,0x00,0x78,0x0C,0x0C,0x7C,0xCC,0xCC,0xCC,0x76,0x00,0x00,0x00,0x00}},
  { 0x00e1, 0x00, {0x00,0x00,0x00,0x18,0x30,0x60,0x00,0x78,0x0C,0x0C,0x7C,0xCC,0xCC,0xCC,0x76,0x00,0x00,0x00,0x00}},
  { 0x00e2, 0x00, {0x00,0x00,0x00,0x10,0x38,0x6C,0x00,0x78,0x0C,0x0C,0x7C,0xCC,0xCC,0xCC,0x76,0x00,0x00,0x00,0x00}},
  { 0x00e3, 0x00, {0x00,0x00,0x00,0x00,0x76,0xDC,0x00,0x78,0x0C,0x0C,0x7C,0xCC,0xCC,0xCC,0x76,0x00,0x00,0x00,0x00}},
  { 0x00e4, 0x00, {0x00,0x00,0x00,0xCC,0xCC,0x00,0x00,0x78,0x0C,0x0C,0x7C,0xCC,0xCC,0xCC,0x76,0x00,0x00,0x00,0x00}},
  { 0x00e5, 0x00, {0x00,0x00,0x00,0x38,0x6C,0x38,0x00,0x78,0x0C,0x0C,0x7C,0xCC,0xCC,0xCC,0x76,0x00,0x00,0x00,0x00}},
  { 0x00e6, 0x00, {0x00,0x00,0x00,0x00,0x00,0x00,0x00,0xEC,0x36,0x36,0x7E,0xD8,0xD8,0xD8,0x6E,0x00,0x00,0x00,0x00}},
  { 0x00e7, 0x00, {0x00,0x00,0x00,0x00,0x00,0x00,0x00,0x7C,0xC6,0xC0,0xC0,0xC0,0xC0,0xC6,0x7C,0x18,0x70,0x00,0x00}},
  { 0x00e8, 0x00, {0x00,0x00,0x00,0x60,0x30,0x18,0x00,0x7C,0xC6,0xC6,0xFE,0xC0,0xC0,0xC6,0x7C,0x00,0x00,0x00,0x00}},
  { 0x00e9, 0x00, {0x00,0x00,0x00,0x0C,0x18,0x30,0x00,0x7C,0xC6,0xC6,0xFE,0xC0,0xC0,0xC6,0x7C,0x00,0x00,0x00,0x00}},
  { 0x00ea, 0x00, {0x00,0x00,0x00,0x10,0x38,0x6C,0x00,0x7C,0xC6,0xC6,0xFE,0xC0,0xC0,0xC6,0x7C,0x00,0x00,0x00,0x00}},
  { 0x00eb, 0x00, {0x00,0x00,0x00,0xC6,0xC6,0x00,0x00,0x7C,0xC6,0xC6,0xFE,0xC0,0xC0,0xC6,0x7C,0x00,0x00,0x00,0x00}},
  { 0x00ec, 0x00, {0x00,0x00,0x00,0x60,0x30,0x18,0x00,0x38,0x18,0x18,0x18,0x18,0x18,0x18,0x3C,0x00,0x00,0x00,0x00}},
  { 0x00ed, 0x00, {0x00,0x00,0x00,0x0C,0x18,0x30,0x00,0x38,0x18,0x18,0x18,0x18,0x18,0x18,0x3C,0x00,0x00,0x00,0x00}},
  { 0x00ee, 0x00, {0x00,0x00,0x00,0x18,0x3C,0x66,0x00,0x38,0x18,0x18,0x18,0x18,0x18,0x18,0x3C,0x00,0x00,0x00,0x00}},
  { 0x00ef, 0x00, {0x00,0x00,0x00,0x66,0x66,0x00,0x00,0x38,0x18,0x18,0x18,0x18,0x18,0x18,0x3C,0x00,0x00,0x00,0x00}},
  { 0x00f0, 0x00, {0x00,0x00,0x00,0x34,0x18,0x2C,0x0C,0x06,0x3E,0x66,0x66,0x66,0x66,0x66,0x3C,0x00,0x00,0x00,0x00}},
  { 0x00f1, 0x00, {0x00,0x00,0x00,0x00,0x76,0xDC,0x00,0xDC,0x66,0x66,0x66,0x66,0x66,0x66,0x66,0x00,0x00,0x00,0x00}},
  { 0x00f2, 0x00, {0x00,0x00,0x00,0x60,0x30,0x18,0x00,0x7C,0xC6,0xC6,0xC6,0xC6,0xC6,0xC6,0x7C,0x00,0x00,0x00,0x00}},
  { 0x00f3, 0x00, {0x00,0x00,0x00,0x18,0x30,0x60,0x00,0x7C,0xC6,0xC6,0xC6,0xC6,0xC6,0xC6,0x7C,0x00,0x00,0x00,0x00}},
  { 0x00f4, 0x00, {0x00,0x00,0x00,0x10,0x38,0x6C,0x00,0x7C,0xC6,0xC6,0xC6,0xC6,0xC6,0xC6,0x7C,0x00,0x00,0x00,0x00}},
  { 0x00f5, 0x00, {0x00,0x00,0x00,0x00,0x76,0xDC,0x00,0x7C,0xC6,0xC6,0xC6,0xC6,0xC6,0xC6,0x7C,0x00,0x00,0x00,0x00}},
  { 0x00f6, 0x00, {0x00,0x00,0x00,0xC6,0xC6,0x00,0x00,0x7C,0xC6,0xC6,0xC6,0xC6,0xC6,0xC6,0x7C,0x00,0x00,0x00,0x00}},
  { 0x00f7, 0x00, {0x00,0x00,0x00,0x00,0x00,0x00,0x00,0x18,0x00,0x7E,0x00,0x18,0x00,0x00,0x00,0x00,0x00,0x00,0x00}},
  { 0x00f8, 0x00, {0x00,0x00,0x00,0x00,0x00,0x00,0x00,0x7C,0xCE,0xDE,0xD6,0xF6,0xE6,0xC6,0x7C,0x00,0x00,0x00,0x00}},
  { 0x00f9, 0x00, {0x00,0x00,0x00,0x60,0x30,0x18,0x00,0xCC,0xCC,0xCC,0xCC,0xCC,0xCC,0xCC,0x76,0x00,0x00,0x00,0x00}},
  { 0x00fa, 0x00, {0x00,0x00,0x00,0x18,0x30,0x60,0x00,0xCC,0xCC,0xCC,0xCC,0xCC,0xCC,0xCC,0x76,0x00,0x00,0x00,0x00}},
  { 0x00fb, 0x00, {0x00,0x00,0x00,0x30,0x78,0xCC,0x00,0xCC,0xCC,0xCC,0xCC,0xCC,0xCC,0xCC,0x76,0x00,0x00,0x00,0x00}},
  { 0x00fc, 0x00, {0x00,0x00,0x00,0xCC,0xCC,0x00,0x00,0xCC,0xCC,0xCC,0xCC,0xCC,0xCC,0xCC,0x76,0x00,0x00,0x00,0x00}},
  { 0x00fd, 0x00, {0x00,0x00,0x00,0x0C,0x18,0x30,0x00,0xC6,0xC6,0xC6,0xC6,0xC6,0xC6,0xC6,0x7E,0x06,0x0C,0xF8,0x00}},
  { 0x00fe, 0x00, {0x00,0x00,0x00,0xE0,0x60,0x60,0x60,0x7C,0x66,0x66,0x66,0x66,0x66,0x66,0x7C,0x60,0x60,0xF0,0x00}},
  { 0x00ff, 0x00, {0x00,0x00,0x00,0xC6,0xC6,0x00,0x00,0xC6,0xC6,0xC6,0xC6,0xC6,0xC6,0xC6,0x7E,0x06,0x0C,0x78,0x00}},

  { (CHAR16)BOXDRAW_HORIZONTAL,                 0x00, {0x00,0x00,0x00,0x00,0x00,0x00,0x00,0x00,0x00,0xFF,0x00,0x00,0x00,0x00,0x00,0x00,0x00,0x00,0x00}},
  { (CHAR16)BOXDRAW_VERTICAL,                   0x00, {0x18,0x18,0x18,0x18,0x18,0x18,0x18,0x18,0x18,0x18,0x18,0x18,0x18,0x18,0x18,0x18,0x18,0x18,0x18}},
  { (CHAR16)BOXDRAW_DOWN_RIGHT,                 0x00, {0x00,0x00,0x00,0x00,0x00,0x00,0x00,0x00,0x00,0x1F,0x18,0x18,0x18,0x18,0x18,0x18,0x18,0x18,0x18}},
  { (CHAR16)BOXDRAW_DOWN_LEFT,                  0x00, {0x00,0x00,0x00,0x00,0x00,0x00,0x00,0x00,0x00,0xF8,0x18,0x18,0x18,0x18,0x18,0x18,0x18,0x18,0x18}},
  { (CHAR16)BOXDRAW_UP_RIGHT,                   0x00, {0x18,0x18,0x18,0x18,0x18,0x18,0x18,0x18,0x18,0x1F,0x00,0x00,0x00,0x00,0x00,0x00,0x00,0x00,0x00}},
  { (CHAR16)BOXDRAW_UP_LEFT,                    0x00, {0x18,0x18,0x18,0x18,0x18,0x18,0x18,0x18,0x18,0xF8,0x00,0x00,0x00,0x00,0x00,0x00,0x00,0x00,0x00}},
  { (CHAR16)BOXDRAW_VERTICAL_RIGHT,             0x00, {0x18,0x18,0x18,0x18,0x18,0x18,0x18,0x18,0x18,0x1F,0x18,0x18,0x18,0x18,0x18,0x18,0x18,0x18,0x18}},
  { (CHAR16)BOXDRAW_VERTICAL_LEFT,              0x00, {0x18,0x18,0x18,0x18,0x18,0x18,0x18,0x18,0x18,0xF8,0x18,0x18,0x18,0x18,0x18,0x18,0x18,0x18,0x18}},
  { (CHAR16)BOXDRAW_DOWN_HORIZONTAL,            0x00, {0x00,0x00,0x00,0x00,0x00,0x00,0x00,0x00,0x00,0xFF,0x18,0x18,0x18,0x18,0x18,0x18,0x18,0x18,0x18}},
  { (CHAR16)BOXDRAW_UP_HORIZONTAL,              0x00, {0x18,0x18,0x18,0x18,0x18,0x18,0x18,0x18,0x18,0xFF,0x00,0x00,0x00,0x00,0x00,0x00,0x00,0x00,0x00}},
  { (CHAR16)BOXDRAW_VERTICAL_HORIZONTAL,        0x00, {0x18,0x18,0x18,0x18,0x18,0x18,0x18,0x18,0x18,0xFF,0x18,0x18,0x18,0x18,0x18,0x18,0x18,0x18,0x18}},
  { (CHAR16)BOXDRAW_DOUBLE_HORIZONTAL,          0x00, {0x00,0x00,0x00,0x00,0x00,0x00,0x00,0xFF,0x00,0xFF,0x00,0x00,0x00,0x00,0x00,0x00,0x00,0x00,0x00}},
  { (CHAR16)BOXDRAW_DOUBLE_VERTICAL,            0x00, {0x36,0x36,0x36,0x36,0x36,0x36,0x36,0x36,0x36,0x36,0x36,0x36,0x36,0x36,0x36,0x36,0x36,0x36,0x36}},
  { (CHAR16)BOXDRAW_DOWN_RIGHT_DOUBLE,          0x00, {0x00,0x00,0x00,0x00,0x00,0x00,0x00,0x1F,0x18,0x1F,0x18,0x18,0x18,0x18,0x18,0x18,0x18,0x18,0x18}},
  { (CHAR16)BOXDRAW_DOWN_DOUBLE_RIGHT,          0x00, {0x00,0x00,0x00,0x00,0x00,0x00,0x00,0x00,0x00,0x3F,0x36,0x36,0x36,0x36,0x36,0x36,0x36,0x36,0x36}},
  { (CHAR16)BOXDRAW_DOUBLE_DOWN_RIGHT,          0x00, {0x00,0x00,0x00,0x00,0x00,0x00,0x00,0x3F,0x30,0x37,0x36,0x36,0x36,0x36,0x36,0x36,0x36,0x36,0x36}},
  { (CHAR16)BOXDRAW_DOWN_LEFT_DOUBLE,           0x00, {0x00,0x00,0x00,0x00,0x00,0x00,0x00,0xF8,0x18,0xF8,0x18,0x18,0x18,0x18,0x18,0x18,0x18,0x18,0x18}},
  { (CHAR16)BOXDRAW_DOWN_DOUBLE_LEFT,           0x00, {0x00,0x00,0x00,0x00,0x00,0x00,0x00,0x00,0x00,0xFE,0x36,0x36,0x36,0x36,0x36,0x36,0x36,0x36,0x36}},
  { (CHAR16)BOXDRAW_DOUBLE_DOWN_LEFT,           0x00, {0x00,0x00,0x00,0x00,0x00,0x00,0x00,0xFE,0x06,0xF6,0x36,0x36,0x36,0x36,0x36,0x36,0x36,0x36,0x36}},
  { (CHAR16)BOXDRAW_UP_RIGHT_DOUBLE,            0x00, {0x18,0x18,0x18,0x18,0x18,0x18,0x18,0x1F,0x18,0x1F,0x00,0x00,0x00,0x00,0x00,0x00,0x00,0x00,0x00}},
  { (CHAR16)BOXDRAW_UP_DOUBLE_RIGHT,            0x00, {0x36,0x36,0x36,0x36,0x36,0x36,0x36,0x36,0x36,0x3F,0x00,0x00,0x00,0x00,0x00,0x00,0x00,0x00,0x00}},
  { (CHAR16)BOXDRAW_DOUBLE_UP_RIGHT,            0x00, {0x36,0x36,0x36,0x36,0x36,0x36,0x36,0x37,0x30,0x3F,0x00,0x00,0x00,0x00,0x00,0x00,0x00,0x00,0x00}},
  { (CHAR16)BOXDRAW_UP_LEFT_DOUBLE,             0x00, {0x18,0x18,0x18,0x18,0x18,0x18,0x18,0xF8,0x18,0xF8,0x00,0x00,0x00,0x00,0x00,0x00,0x00,0x00,0x00}},
  { (CHAR16)BOXDRAW_UP_DOUBLE_LEFT,             0x00, {0x36,0x36,0x36,0x36,0x36,0x36,0x36,0x36,0x36,0xFE,0x00,0x00,0x00,0x00,0x00,0x00,0x00,0x00,0x00}},
  { (CHAR16)BOXDRAW_DOUBLE_UP_LEFT,             0x00, {0x36,0x36,0x36,0x36,0x36,0x36,0x36,0xF6,0x06,0xFE,0x00,0x00,0x00,0x00,0x00,0x00,0x00,0x00,0x00}},
  { (CHAR16)BOXDRAW_VERTICAL_RIGHT_DOUBLE,      0x00, {0x18,0x18,0x18,0x18,0x18,0x18,0x18,0x1F,0x18,0x1F,0x18,0x18,0x18,0x18,0x18,0x18,0x18,0x18,0x18}},
  { (CHAR16)BOXDRAW_VERTICAL_DOUBLE_RIGHT,      0x00, {0x36,0x36,0x36,0x36,0x36,0x36,0x36,0x36,0x36,0x37,0x36,0x36,0x36,0x36,0x36,0x36,0x36,0x36,0x36}},
  { (CHAR16)BOXDRAW_DOUBLE_VERTICAL_RIGHT,      0x00, {0x36,0x36,0x36,0x36,0x36,0x36,0x36,0x37,0x30,0x37,0x36,0x36,0x36,0x36,0x36,0x36,0x36,0x36,0x36}},
  { (CHAR16)BOXDRAW_VERTICAL_LEFT_DOUBLE,       0x00, {0x18,0x18,0x18,0x18,0x18,0x18,0x18,0xF8,0x18,0xF8,0x18,0x18,0x18,0x18,0x18,0x18,0x18,0x18,0x18}},
  { (CHAR16)BOXDRAW_VERTICAL_DOUBLE_LEFT,       0x00, {0x36,0x36,0x36,0x36,0x36,0x36,0x36,0x36,0x36,0xF6,0x36,0x36,0x36,0x36,0x36,0x36,0x36,0x36,0x36}},
  { (CHAR16)BOXDRAW_DOUBLE_VERTICAL_LEFT,       0x00, {0x36,0x36,0x36,0x36,0x36,0x36,0x36,0xF6,0x06,0xF6,0x36,0x36,0x36,0x36,0x36,0x36,0x36,0x36,0x36}},
  { (CHAR16)BOXDRAW_DOWN_HORIZONTAL_DOUBLE,     0x00, {0x00,0x00,0x00,0x00,0x00,0x00,0x00,0xFF,0x00,0xFF,0x18,0x18,0x18,0x18,0x18,0x18,0x18,0x18,0x18}},
  { (CHAR16)BOXDRAW_DOWN_DOUBLE_HORIZONTAL,     0x00, {0x00,0x00,0x00,0x00,0x00,0x00,0x00,0x00,0x00,0xFF,0x36,0x36,0x36,0x36,0x36,0x36,0x36,0x36,0x36}},
  { (CHAR16)BOXDRAW_DOUBLE_DOWN_HORIZONTAL,     0x00, {0x00,0x00,0x00,0x00,0x00,0x00,0x00,0xFF,0x00,0xF7,0x36,0x36,0x36,0x36,0x36,0x36,0x36,0x36,0x36}},
  { (CHAR16)BOXDRAW_UP_HORIZONTAL_DOUBLE,       0x00, {0x18,0x18,0x18,0x18,0x18,0x18,0x18,0xFF,0x00,0xFF,0x00,0x00,0x00,0x00,0x00,0x00,0x00,0x00,0x00}},
  { (CHAR16)BOXDRAW_UP_DOUBLE_HORIZONTAL,       0x00, {0x36,0x36,0x36,0x36,0x36,0x36,0x36,0x36,0x36,0xFF,0x00,0x00,0x00,0x00,0x00,0x00,0x00,0x00,0x00}},
  { (CHAR16)BOXDRAW_DOUBLE_UP_HORIZONTAL,       0x00, {0x36,0x36,0x36,0x36,0x36,0x36,0x36,0xF7,0x00,0xFF,0x00,0x00,0x00,0x00,0x00,0x00,0x00,0x00,0x00}},
  { (CHAR16)BOXDRAW_VERTICAL_HORIZONTAL_DOUBLE, 0x00, {0x18,0x18,0x18,0x18,0x18,0x18,0x18,0xFF,0x18,0xFF,0x18,0x18,0x18,0x18,0x18,0x18,0x18,0x18,0x18}},
  { (CHAR16)BOXDRAW_VERTICAL_DOUBLE_HORIZONTAL, 0x00, {0x36,0x36,0x36,0x36,0x36,0x36,0x36,0x36,0x36,0xFF,0x36,0x36,0x36,0x36,0x36,0x36,0x36,0x36,0x36}},
  { (CHAR16)BOXDRAW_DOUBLE_VERTICAL_HORIZONTAL, 0x00, {0x36,0x36,0x36,0x36,0x36,0x36,0x36,0xF7,0x00,0xF7,0x36,0x36,0x36,0x36,0x36,0x36,0x36,0x36,0x36}},

  { (CHAR16)BLOCKELEMENT_FULL_BLOCK,            0x00, {0xFF,0xFF,0xFF,0xFF,0xFF,0xFF,0xFF,0xFF,0xFF,0xFF,0xFF,0xFF,0xFF,0xFF,0xFF,0xFF,0xFF,0xFF,0xFF}},
  { (CHAR16)BLOCKELEMENT_LIGHT_SHADE,           0x00, {0x22,0x88,0x22,0x88,0x22,0x88,0x22,0x88,0x22,0x88,0x22,0x88,0x22,0x88,0x22,0x88,0x22,0x88,0x22}},

  { (CHAR16)GEOMETRICSHAPE_RIGHT_TRIANGLE,      0x00, {0x00,0x00,0x00,0x00,0x00,0xC0,0xE0,0xF0,0xF8,0xFE,0xF8,0xF0,0xE0,0xC0,0x00,0x00,0x00,0x00,0x00}},
  { (CHAR16)GEOMETRICSHAPE_LEFT_TRIANGLE,       0x00, {0x00,0x00,0x00,0x00,0x00,0x06,0x0E,0x1E,0x3E,0xFE,0x3E,0x1E,0x0E,0x06,0x00,0x00,0x00,0x00,0x00}},
  { (CHAR16)GEOMETRICSHAPE_UP_TRIANGLE,         0x00, {0x00,0x00,0x00,0x00,0x00,0x00,0x10,0x38,0x38,0x7C,0x7C,0xFE,0xFE,0x00,0x00,0x00,0x00,0x00,0x00}},
  { (CHAR16)GEOMETRICSHAPE_DOWN_TRIANGLE,       0x00, {0x00,0x00,0x00,0x00,0x00,0x00,0xFE,0xFE,0x7C,0x7C,0x38,0x38,0x10,0x00,0x00,0x00,0x00,0x00,0x00}},

  { (CHAR16)ARROW_UP,                           0x00, {0x00,0x00,0x00,0x18,0x3C,0x7E,0x18,0x18,0x18,0x18,0x18,0x18,0x18,0x18,0x00,0x00,0x00,0x00,0x00}},
  { (CHAR16)ARROW_DOWN,                         0x00, {0x00,0x00,0x00,0x18,0x18,0x18,0x18,0x18,0x18,0x18,0x18,0x7E,0x3C,0x18,0x00,0x00,0x00,0x00,0x00}},
  { (CHAR16)ARROW_LEFT,                         0x00, {0x00,0x00,0x00,0x00,0x00,0x20,0x60,0x60,0xFE,0xFE,0x60,0x60,0x20,0x00,0x00,0x00,0x00,0x00,0x00}},
  { (CHAR16)ARROW_RIGHT,                        0x00, {0x00,0x00,0x00,0x00,0x00,0x08,0x0C,0x0C,0xFE,0xFE,0x0C,0x0C,0x08,0x00,0x00,0x00,0x00,0x00,0x00}},

  { 0x0000, 0x00, {0x00,0x00,0x00,0x00,0x00,0x00,0x00,0x00,0x00,0x00,0x00,0x00,0x00,0x00,0x00,0x00,0x00,0x00,0x00}} //EOL
};

// Get available Unicode glyphs narrow fonts(8*19 pixels) size.
UINT32 mNarrowFontSize =  sizeof (gUsStdNarrowGlyphData);

EFI_WIDE_GLYPH gCnFontWideGlyphData[] = {


#ifndef FULL_CHINESE_SUPPORT

  {0x3002, 0x00, { 0x00, 0x00, 0x00, 0x00, 0x00, 0x00, 0x00, 0x00, 0x00, 0x00, 0x00, 0x00, 0x18, 0x18, 0x00, 0x00, 0x00, 0x00, 0x00 }, { 0x00,0x00,0x00,0x00,0x00,0x00,0x00,0x00,0x00,0x00,0x00,0x00,0x00,0x00,0x00,0x00,0x00,0x00,0x00}, {0x00,0x00,0x00} },
  {0x4e00, 0x00, { 0x00, 0x00, 0x00, 0x00, 0x00, 0x00, 0x00, 0x00, 0x00, 0x7f, 0x00, 0x00, 0x00, 0x00, 0x00, 0x00, 0x00, 0x00, 0x00 }, { 0x00, 0x00, 0x00, 0x00, 0x00, 0x00, 0x00, 0x00, 0x00, 0xfe, 0x00, 0x00, 0x00, 0x00, 0x00, 0x00, 0x00, 0x00, 0x00 }, { 0x00, 0x00, 0x00 } },
  {0x4e07, 0x00, { 0x00,0x00,0x00,0x7f,0x06,0x06,0x06,0x06,0x07,0x06,0x0c,0x0c,0x0c,0x18,0x18,0x30,0x60,0x00,0x00}, { 0x00,0x00,0x00,0xfe,0x00,0x00,0x00,0x00,0xf8,0x18,0x18,0x18,0x18,0x18,0x18,0x18,0xf0,0x00,0x00}, {0x00,0x00,0x00} },
  {0x4e09, 0x00, { 0x00, 0x00, 0x00, 0x00, 0x3f, 0x00, 0x00, 0x00, 0x00, 0x00, 0x1f, 0x00, 0x00, 0x00, 0x00, 0x00, 0x7f, 0x00, 0x00 }, { 0x00, 0x00, 0x00, 0x00, 0xfc, 0x00, 0x00, 0x00, 0x00, 0x00, 0xf8, 0x00, 0x00, 0x00, 0x00, 0x00, 0xfe, 0x00, 0x00 }, { 0x00, 0x00, 0x00 } },
  {0x4e0a, 0x00, { 0x00, 0x00, 0x00, 0x01, 0x01, 0x01, 0x01, 0x01, 0x01, 0x01, 0x01, 0x01, 0x01, 0x01, 0x01, 0x01, 0x7f, 0x00, 0x00 }, { 0x00, 0x00, 0x00, 0x80, 0x80, 0x80, 0x80, 0x80, 0xfc, 0x80, 0x80, 0x80, 0x80, 0x80, 0x80, 0x80, 0xfe, 0x00, 0x00 }, { 0x00, 0x00, 0x00 } },
  {0x4e0b, 0x00, { 0x00, 0x00, 0x00, 0x00, 0x7f, 0x03, 0x03, 0x03, 0x03, 0x03, 0x03, 0x03, 0x03, 0x03, 0x03, 0x03, 0x03, 0x00, 0x00 }, { 0x00, 0x00, 0x00, 0x00, 0xfe, 0x00, 0x00, 0x00, 0x60, 0x30, 0x18, 0x18, 0x00, 0x00, 0x00, 0x00, 0x00, 0x00, 0x00 }, { 0x00, 0x00, 0x00 } },
  {0x4e0d, 0x00, { 0x00, 0x00, 0x00, 0x00, 0x7f, 0x00, 0x00, 0x01, 0x03, 0x07, 0x0d, 0x19, 0x31, 0x61, 0x01, 0x01, 0x01, 0x00, 0x00 }, { 0x00, 0x00, 0x00, 0x00, 0xfe, 0xc0, 0xc0, 0x80, 0x80, 0xb0, 0x98, 0x8c, 0x86, 0x86, 0x80, 0x80, 0x80, 0x00, 0x00 }, { 0x00, 0x00, 0x00 } },
  {0x4e0e, 0x00, { 0x00, 0x00, 0x00, 0x0c, 0x0c, 0x0f, 0x0c, 0x0c, 0x18, 0x1f, 0x00, 0x00, 0x7f, 0x00, 0x00, 0x00, 0x00, 0x00, 0x00 }, { 0x00, 0x00, 0x00, 0x00, 0x00, 0xfe, 0x00, 0x00, 0x00, 0xfe, 0x06, 0x06, 0xfe, 0x06, 0x06, 0x06, 0x1c, 0x00, 0x00 }, { 0x00, 0x00, 0x00 } },
  { 0x4e14, 0x00, { 0x00,0x00,0x00,0x00,0x1f,0x18,0x18,0x18,0x1f,0x18,0x18,0x18,0x1f,0x18,0x18,0x18,0x7f,0x00,0x00}, { 0x00,0x00,0x00,0x00,0xf8,0x18,0x18,0x18,0xf8,0x18,0x18,0x18,0xf8,0x18,0x18,0x18,0xfe,0x00,0x00}, {0x00,0x00,0x00} },
  {0x4e1c, 0x00, { 0x00, 0x00, 0x00, 0x03, 0x03, 0x3f, 0x06, 0x0d, 0x19, 0x1f, 0x01, 0x01, 0x19, 0x19, 0x31, 0x61, 0x07, 0x00, 0x00 }, { 0x00, 0x00, 0x00, 0x00, 0x00, 0xfc, 0x00, 0x80, 0x80, 0xf8, 0x80, 0x80, 0xb0, 0x98, 0x8c, 0x8c, 0x80, 0x00, 0x00 }, { 0x00, 0x00, 0x00 } },
  {0x4e22, 0x00, { 0x00, 0x00, 0x00, 0x00, 0x3f, 0x01, 0x01, 0x3f, 0x01, 0x01, 0x01, 0x7f, 0x06, 0x0c, 0x18, 0x3f, 0x00, 0x00, 0x00 }, { 0x00, 0x00, 0x00, 0x7c, 0xc0, 0x80, 0x80, 0xfc, 0x80, 0x80, 0x80, 0xfe, 0x00, 0x30, 0x18, 0xfc, 0x0c, 0x00, 0x00 }, { 0x00, 0x00, 0x00 } },
  {0x4e24, 0x00, { 0x00, 0x00, 0x00, 0x00, 0x7f, 0x06, 0x06, 0x3f, 0x36, 0x36, 0x36, 0x3f, 0x39, 0x33, 0x30, 0x30, 0x30, 0x00, 0x00 }, { 0x00, 0x00, 0x00, 0x00, 0xfe, 0x60, 0x60, 0xfc, 0x6c, 0x6c, 0x6c, 0xfc, 0x9c, 0x0c, 0x0c, 0x0c, 0x3c, 0x00, 0x00 }, { 0x00, 0x00, 0x00 } },
  {0x4e2a, 0x00, { 0x00, 0x00, 0x00, 0x01, 0x01, 0x03, 0x06, 0x0c, 0x19, 0x71, 0x01, 0x01, 0x01, 0x01, 0x01, 0x01, 0x01, 0x00, 0x00 }, { 0x00, 0x00, 0x00, 0x80, 0x80, 0xc0, 0x60, 0x30, 0x98, 0x8e, 0x80, 0x80, 0x80, 0x80, 0x80, 0x80, 0x80, 0x00, 0x00 }, { 0x00, 0x00, 0x00 } },
  {0x4e2d, 0x00, { 0x00, 0x00, 0x00, 0x01, 0x01, 0x3f, 0x31, 0x31, 0x31, 0x31, 0x31, 0x3f, 0x31, 0x01, 0x01, 0x01, 0x01, 0x00, 0x00 }, { 0x00, 0x00, 0x00, 0x80, 0x80, 0xfc, 0x8c, 0x8c, 0x8c, 0x8c, 0x8c, 0xfc, 0x8c, 0x80, 0x80, 0x80, 0x80, 0x00, 0x00 }, { 0x00, 0x00, 0x00 } },
  {0x4e3a, 0x00, { 0x00, 0x00, 0x00, 0x03, 0x1b, 0x0f, 0x03, 0x7f, 0x03, 0x06, 0x06, 0x06, 0x0c, 0x0c, 0x18, 0x30, 0x60, 0x00, 0x00 }, { 0x00, 0x00, 0x00, 0x00, 0x00, 0x00, 0x00, 0xfc, 0x0c, 0x0c, 0xcc, 0x6c, 0x6c, 0x0c, 0x0c, 0x18, 0x70, 0x00, 0x00 }, { 0x00, 0x00, 0x00 } },
  {0x4e3b, 0x00, { 0x00, 0x00, 0x00, 0x03, 0x01, 0x3f, 0x01, 0x01, 0x01, 0x01, 0x1f, 0x01, 0x01, 0x01, 0x01, 0x01, 0x7f, 0x00, 0x00 }, { 0x00, 0x00, 0x00, 0x00, 0x80, 0xfc, 0x80, 0x80, 0x80, 0x80, 0xf8, 0x80, 0x80, 0x80, 0x80, 0x80, 0xfe, 0x00, 0x00 }, { 0x00, 0x00, 0x00 } },
  { 0x4e49, 0x00, { 0x00,0x00,0x00,0x03,0x19,0x19,0x0c,0x0c,0x06,0x06,0x03,0x01,0x03,0x06,0x0c,0x18,0x70,0x00,0x00}, { 0x00,0x00,0x00,0x18,0x98,0x98,0x30,0x30,0x60,0x60,0xc0,0x80,0xc0,0x60,0x30,0x18,0x0e,0x00,0x00}, {0x00,0x00,0x00} },
  {0x4e66, 0x00, { 0x00,0x00,0x00,0x03,0x03,0x3f,0x03,0x03,0x03,0x03,0x7f,0x03,0x03,0x03,0x03,0x03,0x03,0x00,0x00}, { 0x00,0x00,0x00,0x18,0x0c,0xfe,0x18,0x18,0x18,0x18,0xfe,0x06,0x06,0x06,0x06,0x1c,0x00,0x00,0x00}, {0x00,0x00,0x00} },
  {0x4e8b, 0x00, { 0x00, 0x00, 0x00, 0x01, 0x7f, 0x01, 0x1f, 0x19, 0x1f, 0x01, 0x1f, 0x01, 0x7f, 0x01, 0x1f, 0x01, 0x07, 0x00, 0x00 }, { 0x00, 0x00, 0x00, 0x80, 0xfe, 0x80, 0xf8, 0x98, 0xf8, 0x80, 0xf8, 0x98, 0xfe, 0x98, 0xf8, 0x80, 0x80, 0x00, 0x00 }, { 0x00, 0x00, 0x00 } },
  {0x4e8c, 0x00, { 0x00, 0x00, 0x00, 0x00, 0x00, 0x3f, 0x00, 0x00, 0x00, 0x00, 0x00, 0x00, 0x00, 0x00, 0x00, 0x7f, 0x00, 0x00, 0x00 }, { 0x00, 0x00, 0x00, 0x00, 0x00, 0xfc, 0x00, 0x00, 0x00, 0x00, 0x00, 0x00, 0x00, 0x00, 0x00, 0xfe, 0x00, 0x00, 0x00 }, { 0x00, 0x00, 0x00 } },
  {0x4e8e, 0x00, { 0x00, 0x00, 0x00, 0x00, 0x3f, 0x01, 0x01, 0x01, 0x01, 0x7f, 0x01, 0x01, 0x01, 0x01, 0x01, 0x01, 0x07, 0x00, 0x00 }, { 0x00, 0x00, 0x00, 0x00, 0xfc, 0x80, 0x80, 0x80, 0x80, 0xfe, 0x80, 0x80, 0x80, 0x80, 0x80, 0x80, 0x80, 0x00, 0x00 }, { 0x00, 0x00, 0x00 } },
  {0x4e94, 0x00, { 0x00, 0x00, 0x00, 0x00, 0x3f, 0x03, 0x03, 0x03, 0x03, 0x3f, 0x06, 0x06, 0x06, 0x0c, 0x0c, 0x0c, 0x7f, 0x00, 0x00 }, { 0x00, 0x00, 0x00, 0x00, 0xfc, 0x00, 0x00, 0x00, 0x00, 0xf8, 0x18, 0x18, 0x18, 0x18, 0x18, 0x18, 0xfe, 0x00, 0x00 }, { 0x00, 0x00, 0x00 } },
  {0x4e9b, 0x00, { 0x00, 0x00, 0x00, 0x06, 0x06, 0x36, 0x37, 0x36, 0x36, 0x37, 0x7c, 0x00, 0x00, 0x1f, 0x00, 0x00, 0x7f, 0x00, 0x00 }, { 0x00, 0x00, 0x00, 0x60, 0x60, 0x6c, 0xf8, 0x70, 0x66, 0xe6, 0x3e, 0x00, 0x00, 0xf8, 0x00, 0x00, 0xfe, 0x00, 0x00 }, { 0x00, 0x00, 0x00 } },
  {0x4ea4, 0x00, { 0x00,0x00,0x00,0x03,0x01,0x7f,0x00,0x0c,0x18,0x30,0x0c,0x06,0x03,0x01,0x03,0x0e,0x78,0x00,0x00}, { 0x00,0x00,0x00,0x00,0x80,0xfe,0x00,0x30,0x18,0x0c,0x30,0x60,0xc0,0x80,0xc0,0x70,0x1e,0x00,0x00}, {0x00,0x00,0x00} },
  {0x4ea7, 0x00, { 0x00, 0x00, 0x00, 0x03, 0x01, 0x3f, 0x00, 0x0c, 0x06, 0x3f, 0x30, 0x30, 0x30, 0x30, 0x30, 0x30, 0x60, 0x00, 0x00 }, { 0x00, 0x00, 0x00, 0x00, 0x80, 0xfc, 0x00, 0x30, 0x60, 0xfe, 0x00, 0x00, 0x00, 0x00, 0x00, 0x00, 0x00, 0x00, 0x00 }, { 0x00, 0x00, 0x00 } },
  {0x4eae, 0x00, { 0x00, 0x00, 0x00, 0x01, 0x7f, 0x00, 0x1f, 0x18, 0x1f, 0x00, 0x7f, 0x60, 0x6f, 0x0c, 0x0c, 0x18, 0x70, 0x00, 0x00 }, { 0x00, 0x00, 0x00, 0x80, 0xfe, 0x00, 0xf8, 0x18, 0xf8, 0x00, 0xfe, 0x06, 0xf6, 0x30, 0x30, 0x36, 0x1e, 0x00, 0x00 }, { 0x00, 0x00, 0x00 } },
  {0x4ec5, 0x00, { 0x00, 0x00, 0x00, 0x0c, 0x0f, 0x19, 0x19, 0x39, 0x79, 0x19, 0x18, 0x18, 0x18, 0x18, 0x19, 0x1b, 0x1e, 0x00, 0x00 }, { 0x00, 0x00, 0x00, 0x00, 0xfc, 0x8c, 0x8c, 0x8c, 0x8c, 0x98, 0xd8, 0xf0, 0x60, 0xf0, 0x98, 0x0c, 0x06, 0x00, 0x00 }, { 0x00, 0x00, 0x00 } },
  {0x4ece, 0x00, { 0x00, 0x00, 0x00, 0x0c, 0x0c, 0x0c, 0x0c, 0x0c, 0x0c, 0x0c, 0x1e, 0x1b, 0x1b, 0x31, 0x31, 0x63, 0x06, 0x00, 0x00 }, { 0x00, 0x00, 0x00, 0x60, 0x60, 0x60, 0x60, 0x60, 0x60, 0x60, 0xf0, 0xf0, 0xf0, 0x98, 0x98, 0x0c, 0x06, 0x00, 0x00 }, { 0x00, 0x00, 0x00 } },
  {0x4ed6, 0x00, { 0x00, 0x00, 0x00, 0x0c, 0x0c, 0x0f, 0x1b, 0x1b, 0x3f, 0x7b, 0x1b, 0x1b, 0x1b, 0x1b, 0x1b, 0x1b, 0x19, 0x00, 0x00 }, { 0x00, 0x00, 0x00, 0x60, 0x60, 0x6c, 0x7c, 0xfc, 0xec, 0x6c, 0x6c, 0x6c, 0x7c, 0x60, 0x06, 0x06, 0xfe, 0x00, 0x00 }, { 0x00, 0x00, 0x00 } },
  {0x4ee3, 0x00, { 0x00, 0x00, 0x00, 0x0c, 0x0c, 0x0c, 0x18, 0x18, 0x3f, 0x78, 0x18, 0x18, 0x18, 0x18, 0x18, 0x18, 0x18, 0x00, 0x00 }, { 0x00, 0x00, 0x00, 0xc0, 0xd8, 0xcc, 0xcc, 0xde, 0xf0, 0xc0, 0xc0, 0x60, 0x60, 0x36, 0x1e, 0x0e, 0x06, 0x00, 0x00 }, { 0x00, 0x00, 0x00 } },
  {0x4ee5, 0x00, { 0x00, 0x00, 0x00, 0x0c, 0x66, 0x63, 0x63, 0x60, 0x60, 0x60, 0x60, 0x6c, 0x78, 0x70, 0x61, 0x07, 0x1c, 0x00, 0x00 }, { 0x00, 0x00, 0x00, 0x30, 0x30, 0x30, 0x30, 0x30, 0x30, 0x30, 0x30, 0x60, 0x78, 0xcc, 0x8c, 0x06, 0x06, 0x00, 0x00 }, { 0x00, 0x00, 0x00 } },
  {0x4ef6, 0x00, { 0x00, 0x00, 0x00, 0x0c, 0x0f, 0x1b, 0x1b, 0x3e, 0x78, 0x18, 0x18, 0x1f, 0x18, 0x18, 0x18, 0x18, 0x18, 0x00, 0x00 }, { 0x00, 0x00, 0x00, 0x60, 0x60, 0x60, 0xfc, 0x60, 0x60, 0x60, 0x60, 0xfe, 0x60, 0x60, 0x60, 0x60, 0x60, 0x00, 0x00 }, { 0x00, 0x00, 0x00 } },
  {0x4efb, 0x00, { 0x00, 0x00, 0x00, 0x0c, 0x0c, 0x0f, 0x18, 0x18, 0x38, 0x78, 0x1f, 0x18, 0x18, 0x18, 0x18, 0x18, 0x1b, 0x00, 0x00 }, { 0x00, 0x00, 0x00, 0x00, 0x3c, 0xe0, 0x60, 0x60, 0x60, 0x60, 0xfe, 0x60, 0x60, 0x60, 0x60, 0x60, 0xfc, 0x00, 0x00 }, { 0x00, 0x00, 0x00 } },
  {0x4efd, 0x00, { 0x00, 0x00, 0x00, 0x0c, 0x0d, 0x0d, 0x1b, 0x1b, 0x3e, 0x7b, 0x19, 0x19, 0x19, 0x19, 0x1b, 0x1b, 0x1e, 0x00, 0x00 }, { 0x00, 0x00, 0x00, 0x30, 0xb0, 0x98, 0x18, 0x0c, 0x06, 0xf8, 0x98, 0x98, 0x98, 0x98, 0x18, 0x18, 0x70, 0x00, 0x00 }, { 0x00, 0x00, 0x00 } },
  {0x4f18, 0x00, { 0x00, 0x00, 0x00, 0x0c, 0x0c, 0x0c, 0x18, 0x1b, 0x38, 0x78, 0x18, 0x18, 0x18, 0x19, 0x19, 0x1b, 0x1e, 0x00, 0x00 }, { 0x00, 0x00, 0x00, 0xc0, 0xd8, 0xcc, 0xc0, 0xfe, 0xf0, 0xf0, 0xf0, 0xf0, 0xf0, 0xb0, 0xb6, 0x36, 0x1e, 0x00, 0x00 }, { 0x00, 0x00, 0x00 } },
  {0x4f1a, 0x00, { 0x00,0x00,0x00,0x01,0x03,0x06,0x0c,0x18,0x7f,0x00,0x00,0x3f,0x03,0x06,0x0c,0x1f,0x00,0x00,0x00}, { 0x00,0x00,0x00,0x80,0xc0,0x60,0x30,0x18,0xfe,0x00,0x00,0xfc,0x00,0x60,0x30,0xf8,0x18,0x00,0x00}, {0x00,0x00,0x00} },
  {0x4f20, 0x00, { 0x00, 0x00, 0x00, 0x0c, 0x0c, 0x0f, 0x18, 0x18, 0x3f, 0x78, 0x19, 0x1b, 0x18, 0x18, 0x18, 0x18, 0x18, 0x00, 0x00 }, { 0x00, 0x00, 0x00, 0x60, 0x60, 0xfc, 0x60, 0xc0, 0xfe, 0xc0, 0x80, 0xfc, 0x0c, 0x18, 0xf0, 0x60, 0x30, 0x00, 0x00 }, { 0x00, 0x00, 0x00 } },
  {0x4f46, 0x00, { 0x00, 0x00, 0x00, 0x0c, 0x0f, 0x1b, 0x1b, 0x3b, 0x7b, 0x1b, 0x1b, 0x1b, 0x1b, 0x1b, 0x18, 0x18, 0x1f, 0x00, 0x00 }, { 0x00, 0x00, 0x00, 0x00, 0xfc, 0x0c, 0x0c, 0x0c, 0xfc, 0x0c, 0x0c, 0x0c, 0x0c, 0xfc, 0x00, 0x00, 0xfe, 0x00, 0x00 }, { 0x00, 0x00, 0x00 } },
  {0x4f4d, 0x00, { 0x00, 0x00, 0x00, 0x0c, 0x0c, 0x0c, 0x1b, 0x18, 0x38, 0x7b, 0x1b, 0x19, 0x19, 0x19, 0x18, 0x18, 0x1f, 0x00, 0x00 }, { 0x00, 0x00, 0x00, 0xc0, 0x60, 0x60, 0xfc, 0x00, 0x18, 0x18, 0x18, 0x98, 0xb0, 0xb0, 0x30, 0x60, 0xfe, 0x00, 0x00 }, { 0x00, 0x00, 0x00 } },
  {0x4f4e, 0x00, { 0x00, 0x00, 0x00, 0x0c, 0x0c, 0x0f, 0x1b, 0x1b, 0x3b, 0x7b, 0x1b, 0x1b, 0x1b, 0x1b, 0x1b, 0x1b, 0x18, 0x00, 0x00 }, { 0x00, 0x00, 0x00, 0x00, 0x3c, 0xf0, 0x30, 0x30, 0x30, 0xfe, 0x30, 0x30, 0x30, 0xd8, 0x9e, 0x6e, 0x36, 0x00, 0x00 }, { 0x00, 0x00, 0x00 } },
  {0x4f53, 0x00, { 0x00, 0x00, 0x00, 0x0c, 0x0c, 0x0c, 0x1b, 0x18, 0x38, 0x78, 0x19, 0x19, 0x1b, 0x1f, 0x18, 0x18, 0x18, 0x00, 0x00 }, { 0x00, 0x00, 0x00, 0x60, 0x60, 0x60, 0xfe, 0x60, 0xf0, 0xf0, 0xf8, 0xf8, 0x6c, 0xfe, 0x60, 0x60, 0x60, 0x00, 0x00 }, { 0x00, 0x00, 0x00 } },
  {0x4f55, 0x00, { 0x00, 0x00, 0x00, 0x0c, 0x0f, 0x18, 0x18, 0x3b, 0x7b, 0x1b, 0x1b, 0x1b, 0x1b, 0x1b, 0x18, 0x18, 0x18, 0x00, 0x00 }, { 0x00, 0x00, 0x00, 0x00, 0xfe, 0x0c, 0x0c, 0xec, 0x6c, 0x6c, 0x6c, 0x6c, 0xec, 0x0c, 0x0c, 0x0c, 0x3c, 0x00, 0x00 }, { 0x00, 0x00, 0x00 } },
  {0x4f5c, 0x00, { 0x00, 0x00, 0x00, 0x0d, 0x0d, 0x0d, 0x1b, 0x1b, 0x3e, 0x78, 0x18, 0x18, 0x18, 0x18, 0x18, 0x18, 0x18, 0x00, 0x00 }, { 0x00, 0x00, 0x00, 0x80, 0x80, 0xfe, 0xc0, 0xc0, 0xc0, 0xfc, 0xc0, 0xc0, 0xc0, 0xfe, 0xc0, 0xc0, 0xc0, 0x00, 0x00 }, { 0x00, 0x00, 0x00 } },
  {0x4f60, 0x00, { 0x00,0x00,0x00,0x0d,0x0d,0x0f,0x1b,0x1e,0x38,0x78,0x19,0x19,0x1b,0x1b,0x1e,0x18,0x19,0x00,0x00}, { 0x00,0x00,0x00,0x80,0x80,0xfe,0x06,0x0c,0x60,0x60,0xf8,0xec,0x6c,0x66,0x66,0x60,0xe0,0x00,0x00}, {0x00,0x00,0x00} },
  {0x4f7f, 0x00, { 0x00, 0x00, 0x00, 0x0c, 0x0c, 0x1f, 0x18, 0x3f, 0x7e, 0x1e, 0x1f, 0x1b, 0x19, 0x18, 0x19, 0x1b, 0x1e, 0x00, 0x00 }, { 0x00, 0x00, 0x00, 0x60, 0x60, 0xfe, 0x60, 0xfe, 0x66, 0x66, 0xfe, 0x60, 0xe0, 0xc0, 0xe0, 0x38, 0x0e, 0x00, 0x00 }, { 0x00, 0x00, 0x00 } },
  {0x4f8b, 0x00, { 0x00,0x00,0x00,0x0c,0x0f,0x19,0x19,0x39,0x7b,0x1b,0x1b,0x1f,0x18,0x18,0x19,0x1b,0x1e,0x00,0x00}, { 0x00,0x00,0x00,0x06,0xf6,0x86,0x9e,0xfe,0x7e,0x7e,0x7e,0xfe,0xde,0xc6,0x86,0x06,0x1e,0x00,0x00}, {0x00,0x00,0x00} },
  {0x4f9b, 0x00, { 0x00, 0x00, 0x00, 0x0d, 0x0d, 0x0d, 0x1b, 0x19, 0x39, 0x79, 0x19, 0x1f, 0x18, 0x19, 0x19, 0x1b, 0x1e, 0x00, 0x00 }, { 0x00, 0x00, 0x00, 0x98, 0x98, 0x98, 0xfc, 0x98, 0x98, 0x98, 0x98, 0xfe, 0x00, 0x98, 0x8c, 0x06, 0x06, 0x00, 0x00 }, { 0x00, 0x00, 0x00 } },
  {0x4fa7, 0x00, { 0x00, 0x00, 0x00, 0x0c, 0x0f, 0x1e, 0x1f, 0x3f, 0x7f, 0x1f, 0x1f, 0x1f, 0x1f, 0x19, 0x1b, 0x1b, 0x1e, 0x00, 0x00 }, { 0x00, 0x00, 0x00, 0x06, 0xe6, 0x66, 0xfe, 0xfe, 0xfe, 0xfe, 0xfe, 0xfe, 0xfe, 0x86, 0xc6, 0x66, 0x1e, 0x00, 0x00 }, { 0x00, 0x00, 0x00 } },
  {0x4fdd, 0x00, { 0x00, 0x00, 0x00, 0x0c, 0x0f, 0x0f, 0x1b, 0x1b, 0x38, 0x78, 0x1f, 0x18, 0x19, 0x19, 0x1b, 0x1e, 0x18, 0x00, 0x00 }, { 0x00, 0x00, 0x00, 0x00, 0xfc, 0x0c, 0x0c, 0xfc, 0x60, 0x60, 0xfe, 0xf0, 0xf8, 0xf8, 0x6c, 0x66, 0x60, 0x00, 0x00 }, { 0x00, 0x00, 0x00 } },
  {0x4fe1, 0x00, { 0x00, 0x00, 0x00, 0x0c, 0x0c, 0x1f, 0x18, 0x3b, 0x78, 0x1b, 0x18, 0x1b, 0x1b, 0x1b, 0x1b, 0x1b, 0x1b, 0x00, 0x00 }, { 0x00, 0x00, 0x00, 0xc0, 0x60, 0xfe, 0x00, 0xfc, 0x00, 0xfc, 0x00, 0xfc, 0x0c, 0x0c, 0x0c, 0xfc, 0x0c, 0x00, 0x00 }, { 0x00, 0x00, 0x00 } },
  {0x4fee, 0x00, { 0x00, 0x00, 0x00, 0x0c, 0x0c, 0x0d, 0x1b, 0x18, 0x3e, 0x7f, 0x1e, 0x1f, 0x1e, 0x1e, 0x19, 0x18, 0x1b, 0x00, 0x00 }, { 0x00, 0x00, 0x00, 0xc0, 0xfc, 0x8c, 0xd8, 0x70, 0xd8, 0xbe, 0x60, 0xd8, 0x36, 0x6c, 0xd8, 0x70, 0xc0, 0x00, 0x00 }, { 0x00, 0x00, 0x00 } },
  {0x503c, 0x00, { 0x00, 0x00, 0x00, 0x0c, 0x0c, 0x1f, 0x18, 0x3b, 0x7b, 0x1b, 0x1b, 0x1b, 0x1b, 0x1b, 0x1b, 0x1b, 0x1f, 0x00, 0x00 }, { 0x00, 0x00, 0x00, 0x60, 0x60, 0xfe, 0x60, 0xfc, 0x0c, 0xfc, 0x0c, 0xfc, 0x0c, 0xfc, 0x0c, 0x0c, 0xfe, 0x00, 0x00 }, { 0x00, 0x00, 0x00 } },
  {0x505a, 0x00, { 0x00,0x00,0x00,0x0f,0x0f,0x1b,0x1f,0x3b,0x7b,0x1f,0x1f,0x1f,0x1f,0x1f,0x1f,0x1e,0x19,0x00,0x00}, { 0x00,0x00,0x00,0x60,0x60,0x60,0xfe,0xcc,0x6c,0xec,0xec,0xf8,0xf8,0xb0,0xf8,0xcc,0x86,0x00,0x00}, {0x00,0x00,0x00} },
  {0x505c, 0x00, { 0x00, 0x00, 0x00, 0x0c, 0x0f, 0x0c, 0x1b, 0x1b, 0x3b, 0x78, 0x1f, 0x1e, 0x1b, 0x18, 0x18, 0x18, 0x18, 0x00, 0x00 }, { 0x00, 0x00, 0x00, 0x60, 0xfe, 0x00, 0xfc, 0x0c, 0xfc, 0x00, 0xfe, 0x06, 0xfc, 0x30, 0x30, 0x30, 0xf0, 0x00, 0x00 }, { 0x00, 0x00, 0x00 } },
  {0x50a8, 0x00, { 0x00, 0x00, 0x00, 0x0c, 0x0e, 0x0f, 0x1b, 0x18, 0x3f, 0x7b, 0x1b, 0x1b, 0x1b, 0x1b, 0x1b, 0x1b, 0x18, 0x00, 0x00 }, { 0x00, 0x00, 0x00, 0x30, 0x36, 0x7e, 0x3c, 0xfe, 0x30, 0x7c, 0xec, 0xec, 0x7c, 0x6c, 0xec, 0x7c, 0x6c, 0x00, 0x00 }, { 0x00, 0x00, 0x00 } },
  {0x5141, 0x00, { 0x00, 0x00, 0x00, 0x03, 0x03, 0x06, 0x0c, 0x18, 0x3f, 0x06, 0x06, 0x06, 0x06, 0x06, 0x0c, 0x18, 0x70, 0x00, 0x00 }, { 0x00, 0x00, 0x00, 0x00, 0x00, 0x60, 0x30, 0x18, 0xfc, 0x6c, 0x60, 0x60, 0x60, 0x60, 0x66, 0x66, 0x3e, 0x00, 0x00 }, { 0x00, 0x00, 0x00 } },
  {0x5143, 0x00, { 0x00, 0x00, 0x00, 0x00, 0x1f, 0x00, 0x00, 0x00, 0x7f, 0x06, 0x06, 0x06, 0x0c, 0x0c, 0x18, 0x30, 0x60, 0x00, 0x00 }, { 0x00, 0x00, 0x00, 0x00, 0xf8, 0x00, 0x00, 0x00, 0xfe, 0x60, 0x60, 0x60, 0x60, 0x60, 0x66, 0x66, 0x3e, 0x00, 0x00 }, { 0x00, 0x00, 0x00 } },
  {0x5146, 0x00, { 0x00,0x00,0x00,0x06,0x06,0x36,0x1e,0x1e,0x06,0x0e,0x1e,0x36,0x6c,0x0c,0x18,0x30,0x60,0x00,0x00}, { 0x00,0x00,0x00,0x60,0x60,0x6c,0x6c,0x78,0x60,0x70,0x78,0x6c,0x66,0x60,0x66,0x66,0x3e,0x00,0x00}, {0x00,0x00,0x00} },
  {0x5148, 0x00, { 0x00, 0x00, 0x00, 0x01, 0x0d, 0x0d, 0x1f, 0x31, 0x01, 0x01, 0x7f, 0x06, 0x06, 0x06, 0x0c, 0x18, 0x70, 0x00, 0x00 }, { 0x00, 0x00, 0x00, 0x80, 0x80, 0x80, 0xf8, 0x80, 0x80, 0x80, 0xfe, 0x60, 0x60, 0x60, 0x66, 0x66, 0x3e, 0x00, 0x00 }, { 0x00, 0x00, 0x00 } },
  {0x5149, 0x00, { 0x00, 0x00, 0x00, 0x01, 0x31, 0x19, 0x0d, 0x01, 0x7f, 0x06, 0x06, 0x06, 0x06, 0x0c, 0x0c, 0x18, 0x30, 0x00, 0x00 }, { 0x00, 0x00, 0x00, 0x80, 0x8c, 0x98, 0xb0, 0x80, 0xfe, 0x60, 0x60, 0x60, 0x60, 0x60, 0x66, 0x66, 0x3e, 0x00, 0x00 }, { 0x00, 0x00, 0x00 } },
  {0x5165, 0x00, { 0x00, 0x00, 0x00, 0x06, 0x03, 0x03, 0x01, 0x01, 0x03, 0x03, 0x06, 0x06, 0x0c, 0x0c, 0x18, 0x30, 0x60, 0x00, 0x00 }, { 0x00, 0x00, 0x00, 0x00, 0x00, 0x00, 0x80, 0x80, 0xc0, 0xc0, 0x60, 0x60, 0x30, 0x30, 0x18, 0x0c, 0x06, 0x00, 0x00 }, { 0x00, 0x00, 0x00 } },
  {0x5168, 0x00, { 0x00, 0x00, 0x00, 0x01, 0x01, 0x03, 0x06, 0x0c, 0x18, 0x7f, 0x01, 0x01, 0x0f, 0x01, 0x01, 0x01, 0x7f, 0x00, 0x00 }, { 0x00, 0x00, 0x00, 0x80, 0x80, 0xc0, 0x60, 0x30, 0x18, 0xfe, 0x80, 0x80, 0xf0, 0x80, 0x80, 0x80, 0xfe, 0x00, 0x00 }, { 0x00, 0x00, 0x00 } },
  {0x516c, 0x00, { 0x00, 0x00, 0x00, 0x00, 0x06, 0x06, 0x0c, 0x0c, 0x18, 0x33, 0x63, 0x06, 0x06, 0x0c, 0x18, 0x3f, 0x00, 0x00, 0x00 }, { 0x00, 0x00, 0x00, 0xc0, 0xc0, 0x60, 0x60, 0x30, 0x18, 0x0c, 0x06, 0x00, 0xc0, 0x60, 0x30, 0xf8, 0x18, 0x00, 0x00 }, { 0x00, 0x00, 0x00 } },
  {0x5173, 0x00, { 0x00, 0x00, 0x00, 0x0c, 0x06, 0x06, 0x3f, 0x01, 0x01, 0x01, 0x7f, 0x03, 0x03, 0x06, 0x0c, 0x18, 0x70, 0x00, 0x00 }, { 0x00, 0x00, 0x00, 0x30, 0x30, 0x60, 0xfc, 0x80, 0x80, 0x80, 0xfe, 0xc0, 0xc0, 0x60, 0x30, 0x18, 0x0e, 0x00, 0x00 }, { 0x00, 0x00, 0x00 } },
  {0x5176, 0x00, { 0x00, 0x00, 0x00, 0x0c, 0x0c, 0x3f, 0x0c, 0x0c, 0x0f, 0x0c, 0x0f, 0x0c, 0x0c, 0x7f, 0x0c, 0x18, 0x30, 0x00, 0x00 }, { 0x00, 0x00, 0x00, 0x30, 0x30, 0xfc, 0x30, 0x30, 0xf0, 0x30, 0xf0, 0x30, 0x30, 0xfe, 0x30, 0x18, 0x0c, 0x00, 0x00 }, { 0x00, 0x00, 0x00 } },
  {0x517c, 0x00, { 0x00, 0x00, 0x00, 0x0c, 0x06, 0x3f, 0x06, 0x3f, 0x06, 0x7f, 0x06, 0x3f, 0x0e, 0x1e, 0x36, 0x66, 0x06, 0x00, 0x00 }, { 0x00, 0x00, 0x00, 0x60, 0xc0, 0xfc, 0xc0, 0xf8, 0xd8, 0xfe, 0xd8, 0xf8, 0xe0, 0xf0, 0xd8, 0xce, 0xc0, 0x00, 0x00 }, { 0x00, 0x00, 0x00 } },
  {0x5185, 0x00, { 0x00, 0x00, 0x00, 0x01, 0x01, 0x01, 0x3f, 0x31, 0x31, 0x33, 0x36, 0x3c, 0x38, 0x30, 0x30, 0x30, 0x30, 0x00, 0x00 }, { 0x00, 0x00, 0x00, 0x80, 0x80, 0x80, 0xfe, 0x86, 0x86, 0xc6, 0x66, 0x36, 0x1e, 0x06, 0x06, 0x06, 0x1e, 0x00, 0x00 }, { 0x00, 0x00, 0x00 } },
  {0x518c, 0x00, { 0x00,0x00,0x00,0x00,0x1f,0x1b,0x1b,0x1b,0x1b,0x7f,0x1b,0x1b,0x1b,0x1b,0x33,0x3f,0x61,0x00,0x00}, { 0x00,0x00,0x00,0x00,0x7c,0x6c,0x6c,0x6c,0x6c,0xfe,0x6c,0x6c,0x6c,0x6c,0xcc,0xcc,0xbc,0x00,0x00}, {0x00,0x00,0x00} },
  {0x518d, 0x00, { 0x00, 0x00, 0x00, 0x7f, 0x01, 0x01, 0x3f, 0x31, 0x31, 0x3f, 0x31, 0x31, 0x7f, 0x30, 0x30, 0x30, 0x30, 0x00, 0x00 }, { 0x00, 0x00, 0x00, 0xfe, 0x80, 0x80, 0xfc, 0x8c, 0x8c, 0xfc, 0x8c, 0x8c, 0xfe, 0x0c, 0x0c, 0x0c, 0x3c, 0x00, 0x00 }, { 0x00, 0x00, 0x00 } },
  {0x5199, 0x00, { 0x00, 0x00, 0x00, 0x00, 0x7f, 0x60, 0x0c, 0x0f, 0x0c, 0x18, 0x1f, 0x00, 0x00, 0x7f, 0x00, 0x00, 0x00, 0x00, 0x00 }, { 0x00, 0x00, 0x00, 0x00, 0xfe, 0x06, 0x00, 0xf8, 0x00, 0x00, 0xfc, 0x0c, 0x0c, 0xfc, 0x0c, 0x0c, 0x38, 0x00, 0x00 }, { 0x00, 0x00, 0x00 } },
  {0x51c6, 0x00, { 0x00,0x00,0x00,0x01,0x31,0x1b,0x1b,0x07,0x0f,0x03,0x1b,0x1b,0x33,0x33,0x63,0x63,0x03,0x00,0x00}, { 0x00,0x00,0x00,0xb0,0x98,0x00,0xfe,0x30,0x30,0xfc,0x30,0x30,0xfc,0x30,0x30,0xfe,0x00,0x00,0x00}, {0x00,0x00,0x00} },
  {0x51fa, 0x00, { 0x00, 0x00, 0x00, 0x01, 0x31, 0x31, 0x31, 0x31, 0x3f, 0x01, 0x01, 0x61, 0x61, 0x61, 0x61, 0x7f, 0x00, 0x00, 0x00 }, { 0x00, 0x00, 0x00, 0x80, 0x8c, 0x8c, 0x8c, 0x8c, 0xfc, 0x80, 0x80, 0x86, 0x86, 0x86, 0x86, 0xfe, 0x06, 0x00, 0x00 }, { 0x00, 0x00, 0x00 } },
  {0x51fb, 0x00, { 0x00,0x00,0x00,0x01,0x01,0x3f,0x01,0x01,0x01,0x7f,0x01,0x01,0x31,0x31,0x31,0x31,0x3f,0x00,0x00}, { 0x00,0x00,0x00,0x80,0x80,0xfc,0x80,0x80,0x80,0xfe,0x80,0x80,0x8c,0x8c,0x8c,0x8c,0xfc,0x00,0x00}, {0x00,0x00,0x00} },
  {0x5206, 0x00, { 0x00, 0x00, 0x00, 0x06, 0x06, 0x0c, 0x0c, 0x18, 0x30, 0x7f, 0x06, 0x06, 0x06, 0x0c, 0x18, 0x30, 0x60, 0x00, 0x00 }, { 0x00, 0x00, 0x00, 0x60, 0x60, 0x30, 0x30, 0x18, 0x0c, 0xf6, 0x30, 0x30, 0x30, 0x30, 0x30, 0x30, 0xe0, 0x00, 0x00 }, { 0x00, 0x00, 0x00 } },
  {0x5207, 0x00, { 0x00, 0x00, 0x00, 0x18, 0x19, 0x18, 0x18, 0x1f, 0x78, 0x18, 0x18, 0x1b, 0x1e, 0x1c, 0x19, 0x03, 0x06, 0x00, 0x00 }, { 0x00, 0x00, 0x00, 0x00, 0xfe, 0x66, 0x66, 0x66, 0x66, 0x66, 0x66, 0x66, 0xc6, 0xc6, 0x86, 0x06, 0x1c, 0x00, 0x00 }, { 0x00, 0x00, 0x00 } },
  {0x5217, 0x00, { 0x00, 0x00, 0x00, 0x00, 0x3f, 0x0c, 0x0c, 0x0f, 0x19, 0x19, 0x3d, 0x67, 0x03, 0x06, 0x0c, 0x18, 0x30, 0x00, 0x00 }, { 0x00, 0x00, 0x00, 0x06, 0x86, 0x06, 0x36, 0xb6, 0xb6, 0xb6, 0xb6, 0x36, 0x36, 0x06, 0x06, 0x06, 0x1e, 0x00, 0x00 }, { 0x00, 0x00, 0x00 } },
  {0x521b, 0x00, { 0x00,0x00,0x00,0x0c,0x0c,0x1e,0x1b,0x31,0x60,0x3f,0x33,0x33,0x33,0x3e,0x31,0x31,0x1f,0x00,0x00}, { 0x00,0x00,0x00,0x0c,0x0c,0x0c,0x6c,0xec,0x6c,0x6c,0x6c,0x6c,0x6c,0x0c,0x8c,0x8c,0xbc,0x00,0x00}, {0x00,0x00,0x00} },
  {0x521d, 0x00, { 0x00, 0x00, 0x00, 0x30, 0x18, 0x01, 0x7e, 0x0c, 0x18, 0x1e, 0x3c, 0x7e, 0x1e, 0x18, 0x19, 0x1b, 0x1e, 0x00, 0x00 }, { 0x00, 0x00, 0x00, 0x00, 0x00, 0xfe, 0x66, 0x66, 0x66, 0x66, 0x66, 0x66, 0xc6, 0xc6, 0x86, 0x06, 0x1c, 0x00, 0x00 }, { 0x00, 0x00, 0x00 } },
  {0x5220, 0x00, { 0x00, 0x00, 0x00, 0x00, 0x1f, 0x1f, 0x1f, 0x1f, 0x1f, 0x3f, 0x1f, 0x1f, 0x1f, 0x1f, 0x1f, 0x3f, 0x63, 0x00, 0x00 }, { 0x00, 0x00, 0x00, 0x06, 0xe6, 0xe6, 0xfe, 0xfe, 0xfe, 0xfe, 0xfe, 0xfe, 0xfe, 0xe6, 0xe6, 0xe6, 0xfe, 0x00, 0x00 }, { 0x00, 0x00, 0x00 } },
  {0x522b, 0x00, { 0x00, 0x00, 0x00, 0x00, 0x3f, 0x31, 0x31, 0x3f, 0x0c, 0x0c, 0x7f, 0x0c, 0x0c, 0x18, 0x18, 0x30, 0x63, 0x00, 0x00 }, { 0x00, 0x00, 0x00, 0x06, 0x86, 0x86, 0xb6, 0xb6, 0x36, 0x36, 0xf6, 0xf6, 0xf6, 0xc6, 0xc6, 0xc6, 0x9e, 0x00, 0x00 }, { 0x00, 0x00, 0x00 } },
  {0x5230, 0x00, { 0x00, 0x00, 0x00, 0x00, 0x7f, 0x0c, 0x1b, 0x31, 0x7f, 0x0d, 0x0c, 0x7f, 0x0c, 0x0c, 0x0f, 0x7c, 0x00, 0x00, 0x00 }, { 0x00, 0x00, 0x00, 0x0c, 0x8c, 0x0c, 0x6c, 0xec, 0xec, 0xec, 0x6c, 0xec, 0x6c, 0x0c, 0x8c, 0x0c, 0x3c, 0x00, 0x00 }, { 0x00, 0x00, 0x00 } },
  {0x5236, 0x00, { 0x00, 0x00, 0x00, 0x06, 0x36, 0x3f, 0x66, 0x06, 0x7f, 0x06, 0x06, 0x3f, 0x36, 0x36, 0x36, 0x37, 0x06, 0x00, 0x00 }, { 0x00, 0x00, 0x00, 0x0c, 0x0c, 0xfc, 0x3c, 0x3c, 0xfc, 0x3c, 0x3c, 0xfc, 0xfc, 0xcc, 0xcc, 0xcc, 0x3c, 0x00, 0x00 }, { 0x00, 0x00, 0x00 } },
  { 0x5237, 0x00, { 0x00,0x00,0x00,0x00,0x3f,0x30,0x30,0x3f,0x33,0x33,0x3f,0x3f,0x3f,0x3f,0x3f,0x63,0x03,0x00,0x00}, { 0x00,0x00,0x00,0x06,0xe6,0x66,0x7e,0xfe,0x1e,0x1e,0xfe,0x7e,0x7e,0x66,0xe6,0x06,0x1e,0x00,0x00}, {0x00,0x00,0x00} },
  {0x524d, 0x00, { 0x00, 0x00, 0x00, 0x18, 0x0c, 0x7f, 0x00, 0x3f, 0x31, 0x31, 0x3f, 0x31, 0x31, 0x3f, 0x31, 0x31, 0x37, 0x00, 0x00 }, { 0x00, 0x00, 0x00, 0x18, 0x30, 0xfe, 0x00, 0x8c, 0xec, 0xec, 0xec, 0xec, 0xec, 0xec, 0x8c, 0x8c, 0xbc, 0x00, 0x00 }, { 0x00, 0x00, 0x00 } },
  {0x5272, 0x00, { 0x00, 0x00, 0x00, 0x0c, 0x06, 0x7f, 0x66, 0x3f, 0x06, 0x3f, 0x06, 0x7f, 0x06, 0x3f, 0x30, 0x3f, 0x30, 0x00, 0x00 }, { 0x00, 0x00, 0x00, 0x06, 0x06, 0xe6, 0x7e, 0xde, 0x1e, 0xde, 0x1e, 0xfe, 0x1e, 0xc6, 0xc6, 0xc6, 0xde, 0x00, 0x00 }, { 0x00, 0x00, 0x00 } },
  {0x529f, 0x00, { 0x00, 0x00, 0x00, 0x00, 0x00, 0x7e, 0x19, 0x18, 0x18, 0x18, 0x18, 0x18, 0x1e, 0x71, 0x01, 0x03, 0x06, 0x00, 0x00 }, { 0x00, 0x00, 0x00, 0xc0, 0xc0, 0xc0, 0xfc, 0xcc, 0xcc, 0xcc, 0xcc, 0xcc, 0xcc, 0x8c, 0x8c, 0x0c, 0x38, 0x00, 0x00 }, { 0x00, 0x00, 0x00 } },
  {0x52a0, 0x00, { 0x00, 0x00, 0x00, 0x0c, 0x0c, 0x0c, 0x7f, 0x0d, 0x0d, 0x0d, 0x0d, 0x19, 0x19, 0x19, 0x31, 0x31, 0x67, 0x00, 0x00 }, { 0x00, 0x00, 0x00, 0x00, 0x00, 0x00, 0xfe, 0xe6, 0xe6, 0xe6, 0xe6, 0xe6, 0xe6, 0xe6, 0xfe, 0xe6, 0x00, 0x00, 0x00 }, { 0x00, 0x00, 0x00 } },
  {0x52a1, 0x00, { 0x00,0x00,0x00,0x06,0x0f,0x1c,0x36,0x03,0x0e,0x78,0x03,0x3f,0x03,0x06,0x0c,0x18,0x30,0x00,0x00}, { 0x00,0x00,0x00,0x00,0xf8,0x30,0x60,0xc0,0x70,0x1e,0x00,0xf8,0x18,0x18,0x18,0x18,0x70,0x00,0x00}, {0x00,0x00,0x00} },
  {0x52a8, 0x00, { 0x00, 0x00, 0x00, 0x00, 0x3e, 0x00, 0x01, 0x00, 0x7f, 0x18, 0x18, 0x36, 0x33, 0x7f, 0x03, 0x01, 0x03, 0x00, 0x00 }, { 0x00, 0x00, 0x00, 0x60, 0x60, 0x60, 0xfe, 0x66, 0x66, 0x66, 0x66, 0x66, 0x66, 0xc6, 0xc6, 0x86, 0x1c, 0x00, 0x00 }, { 0x00, 0x00, 0x00 } },
  {0x52a9, 0x00, { 0x00, 0x00, 0x00, 0x00, 0x3f, 0x33, 0x33, 0x3f, 0x33, 0x33, 0x3f, 0x33, 0x33, 0x33, 0x37, 0x7d, 0x03, 0x00, 0x00 }, { 0x00, 0x00, 0x00, 0x60, 0x60, 0x60, 0xfe, 0x66, 0x66, 0x66, 0x66, 0x66, 0x66, 0xc6, 0xc6, 0x86, 0x1c, 0x00, 0x00 }, { 0x00, 0x00, 0x00 } },
  {0x52b9, 0x00, { 0x00, 0x00, 0x00, 0x18, 0x0c, 0x00, 0x7f, 0x00, 0x1e, 0x33, 0x61, 0x06, 0x1e, 0x0c, 0x1e, 0x37, 0x63, 0x00, 0x00 }, { 0x00, 0x00, 0x00, 0x60, 0x60, 0x60, 0xfe, 0x66, 0x66, 0x66, 0xe6, 0x66, 0x66, 0xc6, 0xc6, 0x86, 0x1c, 0x00, 0x00 }, { 0x00, 0x00, 0x00 } },
  {0x52d5, 0x00, { 0x00, 0x00, 0x00, 0x07, 0x7c, 0x0c, 0x7f, 0x0c, 0x7f, 0x6d, 0x7f, 0x6d, 0x7f, 0x0c, 0x7f, 0x0c, 0x7f, 0x00, 0x00 }, { 0x00, 0x00, 0x00, 0xb0, 0x30, 0x30, 0xfe, 0x36, 0xb6, 0xb6, 0xb6, 0xb6, 0xb6, 0x36, 0xe6, 0x66, 0xdc, 0x00, 0x00 }, { 0x00, 0x00, 0x00 } },
  {0x5305, 0x00, { 0x00, 0x00, 0x00, 0x0c, 0x0c, 0x0f, 0x18, 0x30, 0x7f, 0x18, 0x18, 0x18, 0x1f, 0x18, 0x18, 0x18, 0x0f, 0x00, 0x00 }, { 0x00, 0x00, 0x00, 0x00, 0x00, 0xfc, 0x0c, 0x0c, 0xec, 0x6c, 0x6c, 0x6c, 0xec, 0x38, 0x06, 0x06, 0xfe, 0x00, 0x00 }, { 0x00, 0x00, 0x00 } },
  {0x5339, 0x00, { 0x00, 0x00, 0x00, 0x00, 0x3f, 0x33, 0x33, 0x33, 0x33, 0x33, 0x33, 0x33, 0x33, 0x36, 0x3c, 0x30, 0x3f, 0x00, 0x00 }, { 0x00, 0x00, 0x00, 0x00, 0xfe, 0x60, 0x60, 0x60, 0x60, 0x60, 0x60, 0x6c, 0x6c, 0x3c, 0x00, 0x00, 0xfe, 0x00, 0x00 }, { 0x00, 0x00, 0x00 } },
  {0x533a, 0x00, { 0x00, 0x00, 0x00, 0x3f, 0x30, 0x30, 0x3c, 0x36, 0x33, 0x31, 0x30, 0x31, 0x33, 0x36, 0x3c, 0x30, 0x3f, 0x00, 0x00 }, { 0x00, 0x00, 0x00, 0xfe, 0x00, 0x18, 0x18, 0x30, 0x30, 0xe0, 0xc0, 0xe0, 0x30, 0x18, 0x18, 0x00, 0xfe, 0x00, 0x00 }, { 0x00, 0x00, 0x00 } },
  {0x5341, 0x00, { 0x00,0x00,0x00,0x01,0x01,0x01,0x01,0x01,0x7f,0x01,0x01,0x01,0x01,0x01,0x01,0x01,0x01,0x00,0x00}, { 0x00,0x00,0x00,0x80,0x80,0x80,0x80,0x80,0xfe,0x80,0x80,0x80,0x80,0x80,0x80,0x80,0x80,0x00,0x00}, {0x00,0x00,0x00} },
  {0x5343, 0x00, { 0x00,0x00,0x00,0x00,0x3f,0x01,0x01,0x01,0x01,0x7f,0x01,0x01,0x01,0x01,0x01,0x01,0x01,0x00,0x00}, { 0x00,0x00,0x00,0xf8,0x80,0x80,0x80,0x80,0x80,0xfe,0x80,0x80,0x80,0x80,0x80,0x80,0x80,0x00,0x00}, {0x00,0x00,0x00} },
  {0x534a, 0x00, { 0x00, 0x00, 0x00, 0x01, 0x31, 0x19, 0x19, 0x01, 0x3f, 0x01, 0x01, 0x01, 0x7f, 0x01, 0x01, 0x01, 0x01, 0x00, 0x00 }, { 0x00, 0x00, 0x00, 0x80, 0x8c, 0x8c, 0x98, 0x80, 0xfc, 0x80, 0x80, 0x80, 0xfe, 0x80, 0x80, 0x80, 0x80, 0x00, 0x00 }, { 0x00, 0x00, 0x00 } },
  {0x534f, 0x00, { 0x00,0x00,0x00,0x18,0x18,0x18,0x7f,0x18,0x18,0x18,0x1b,0x1b,0x1e,0x19,0x19,0x1b,0x1e,0x00,0x00}, { 0x00,0x00,0x00,0xc0,0xc0,0xc0,0xf8,0xd8,0xd8,0xd8,0xdc,0xde,0xde,0x98,0x98,0x18,0x70,0x00,0x00}, {0x00,0x00,0x00} },
  {0x5355, 0x00, { 0x00, 0x00, 0x00, 0x0c, 0x06, 0x1f, 0x19, 0x19, 0x1f, 0x19, 0x19, 0x1f, 0x01, 0x01, 0x7f, 0x01, 0x01, 0x00, 0x00 }, { 0x00, 0x00, 0x00, 0x30, 0x60, 0xf8, 0x98, 0x98, 0xf8, 0x98, 0x98, 0xf8, 0x80, 0x80, 0xfe, 0x80, 0x80, 0x00, 0x00 }, { 0x00, 0x00, 0x00 } },
  {0x5357, 0x00, { 0x00, 0x00, 0x00, 0x01, 0x01, 0x7f, 0x01, 0x3f, 0x36, 0x33, 0x3f, 0x31, 0x3f, 0x31, 0x31, 0x31, 0x30, 0x00, 0x00 }, { 0x00, 0x00, 0x00, 0x80, 0x80, 0xfe, 0x80, 0xfc, 0x6c, 0xcc, 0xfc, 0x8c, 0xfc, 0x8c, 0x8c, 0x8c, 0x3c, 0x00, 0x00 }, { 0x00, 0x00, 0x00 } },
  {0x5361, 0x00, { 0x00, 0x00, 0x00, 0x03, 0x03, 0x03, 0x03, 0x03, 0x03, 0x7f, 0x03, 0x03, 0x03, 0x03, 0x03, 0x03, 0x03, 0x00, 0x00 }, { 0x00, 0x00, 0x00, 0x00, 0x00, 0xf8, 0x00, 0x00, 0x00, 0xfe, 0x00, 0xc0, 0x60, 0x30, 0x18, 0x00, 0x00, 0x00, 0x00 }, { 0x00, 0x00, 0x00 } },
  { 0x5370, 0x00, { 0x00,0x00,0x00,0x07,0x3c,0x30,0x30,0x30,0x3f,0x30,0x30,0x30,0x37,0x3c,0x30,0x00,0x00,0x00,0x00}, { 0x00,0x00,0x00,0x00,0xfe,0xc6,0xc6,0xc6,0xc6,0xc6,0xc6,0xc6,0xc6,0xde,0xc0,0xc0,0xc0,0x00,0x00}, {0x00,0x00,0x00} },
  {0x5373, 0x00, { 0x00,0x00,0x00,0x00,0x7f,0x63,0x63,0x7f,0x63,0x63,0x7f,0x78,0x6c,0x7e,0x73,0x60,0x00,0x00,0x00}, { 0x00,0x00,0x00,0x00,0xfe,0xc6,0xc6,0xc6,0xc6,0xc6,0xc6,0xc6,0xc6,0xde,0xc0,0xc0,0xc0,0x00,0x00}, {0x00,0x00,0x00} },
  {0x5382, 0x00, { 0x00, 0x00, 0x00, 0x00, 0x1f, 0x18, 0x18, 0x18, 0x18, 0x18, 0x18, 0x18, 0x18, 0x18, 0x30, 0x30, 0x60, 0x00, 0x00 }, { 0x00, 0x00, 0x00, 0x00, 0xfe, 0x00, 0x00, 0x00, 0x00, 0x00, 0x00, 0x00, 0x00, 0x00, 0x00, 0x00, 0x00, 0x00, 0x00 }, { 0x00, 0x00, 0x00 } },
  {0x538b, 0x00, { 0x00, 0x00, 0x00, 0x00, 0x1f, 0x18, 0x18, 0x18, 0x18, 0x1f, 0x18, 0x18, 0x18, 0x18, 0x30, 0x30, 0x6f, 0x00, 0x00 }, { 0x00, 0x00, 0x00, 0x00, 0xfe, 0x00, 0xc0, 0xc0, 0xc0, 0xfc, 0xc0, 0xc0, 0xd8, 0xcc, 0xcc, 0xc0, 0xfe, 0x00, 0x00 }, { 0x00, 0x00, 0x00 } },
  {0x539f, 0x00, { 0x00, 0x00, 0x00, 0x1f, 0x18, 0x18, 0x1b, 0x1b, 0x1b, 0x1b, 0x1b, 0x18, 0x1b, 0x1b, 0x36, 0x30, 0x61, 0x00, 0x00 }, { 0x00, 0x00, 0x00, 0xfe, 0x60, 0xc0, 0xfc, 0x0c, 0xfc, 0x0c, 0xfc, 0x60, 0x6c, 0x66, 0x66, 0x60, 0xe0, 0x00, 0x00 }, { 0x00, 0x00, 0x00 } },
  {0x53c2, 0x00, { 0x00, 0x00, 0x00, 0x06, 0x0c, 0x1f, 0x03, 0x7f, 0x0c, 0x18, 0x73, 0x1e, 0x00, 0x07, 0x3c, 0x03, 0x7e, 0x00, 0x00 }, { 0x00, 0x00, 0x00, 0x00, 0x30, 0xf8, 0x18, 0xfe, 0x30, 0xd8, 0x8e, 0x60, 0xc0, 0x98, 0x70, 0xc0, 0x00, 0x00, 0x00 }, { 0x00, 0x00, 0x00 } },
  {0x53ca, 0x00, { 0x00, 0x00, 0x00, 0x00, 0x3f, 0x0c, 0x0c, 0x0c, 0x0c, 0x0c, 0x0f, 0x0f, 0x19, 0x18, 0x31, 0x67, 0x1c, 0x00, 0x00 }, { 0x00, 0x00, 0x00, 0x00, 0xf0, 0x30, 0x60, 0x60, 0xf8, 0x18, 0x30, 0x30, 0xe0, 0xc0, 0xe0, 0x38, 0x0e, 0x00, 0x00 }, { 0x00, 0x00, 0x00 } },
  {0x53cc, 0x00, { 0x00, 0x00, 0x00, 0x00, 0x7f, 0x03, 0x03, 0x33, 0x1e, 0x1e, 0x0c, 0x0c, 0x1e, 0x1e, 0x36, 0x31, 0x63, 0x00, 0x00 }, { 0x00, 0x00, 0x00, 0x00, 0xfc, 0xcc, 0xcc, 0xcc, 0xcc, 0x78, 0x78, 0x30, 0x30, 0x78, 0xd8, 0x8c, 0x06, 0x00, 0x00 }, { 0x00, 0x00, 0x00 } },
  {0x53d1, 0x00, { 0x00, 0x00, 0x00, 0x01, 0x19, 0x19, 0x33, 0x3f, 0x03, 0x06, 0x07, 0x0f, 0x1b, 0x31, 0x60, 0x03, 0x1e, 0x00, 0x00 }, { 0x00, 0x00, 0x00, 0x80, 0x98, 0x8c, 0x00, 0xfe, 0x00, 0x00, 0xf8, 0x18, 0x30, 0xe0, 0xc0, 0xf0, 0x1e, 0x00, 0x00 }, { 0x00, 0x00, 0x00 } },
  {0x53d6, 0x00, { 0x00, 0x00, 0x00, 0x00, 0x7f, 0x37, 0x36, 0x3e, 0x36, 0x36, 0x3e, 0x36, 0x37, 0x7e, 0x06, 0x06, 0x07, 0x00, 0x00 }, { 0x00, 0x00, 0x00, 0x00, 0x00, 0xfc, 0xcc, 0xcc, 0xcc, 0xcc, 0x78, 0x78, 0xb0, 0x30, 0x78, 0xcc, 0x86, 0x00, 0x00 }, { 0x00, 0x00, 0x00 } },
  {0x53d7, 0x00, { 0x00, 0x00, 0x00, 0x00, 0x3f, 0x1b, 0x0d, 0x7f, 0x60, 0x60, 0x1f, 0x0c, 0x06, 0x03, 0x01, 0x07, 0x7c, 0x00, 0x00 }, { 0x00, 0x00, 0x00, 0x7c, 0xc0, 0x18, 0xb0, 0xfe, 0x06, 0x06, 0xf0, 0x30, 0x60, 0xc0, 0x80, 0xe0, 0x3e, 0x00, 0x00 }, { 0x00, 0x00, 0x00 } },
  {0x53d8, 0x00, { 0x00, 0x00, 0x00, 0x03, 0x01, 0x7f, 0x06, 0x1e, 0x1e, 0x36, 0x60, 0x1f, 0x0c, 0x06, 0x03, 0x0e, 0x78, 0x00, 0x00 }, { 0x00, 0x00, 0x00, 0x00, 0x80, 0xfe, 0x60, 0x78, 0x6c, 0x66, 0x06, 0xf8, 0x30, 0x60, 0xc0, 0x70, 0x1e, 0x00, 0x00 }, { 0x00, 0x00, 0x00 } },
  {0x53e3, 0x00, { 0x00, 0x00, 0x00, 0x00, 0x00, 0x3f, 0x30, 0x30, 0x30, 0x30, 0x30, 0x30, 0x30, 0x30, 0x3f, 0x30, 0x00, 0x00, 0x00 }, { 0x00, 0x00, 0x00, 0x00, 0x00, 0xfc, 0x0c, 0x0c, 0x0c, 0x0c, 0x0c, 0x0c, 0x0c, 0x0c, 0xfc, 0x0c, 0x00, 0x00, 0x00 }, { 0x00, 0x00, 0x00 } },
  {0x53ea, 0x00, { 0x00, 0x00, 0x00, 0x00, 0x1f, 0x18, 0x18, 0x18, 0x18, 0x18, 0x1f, 0x00, 0x06, 0x06, 0x0c, 0x18, 0x30, 0x00, 0x00 }, { 0x00, 0x00, 0x00, 0x00, 0xfc, 0x0c, 0x0c, 0x0c, 0x0c, 0x0c, 0xfc, 0x00, 0x30, 0x18, 0x0c, 0x06, 0x06, 0x00, 0x00 }, { 0x00, 0x00, 0x00 } },
  {0x53ef, 0x00, { 0x00, 0x00, 0x00, 0x00, 0x7f, 0x00, 0x00, 0x1f, 0x18, 0x18, 0x18, 0x18, 0x1f, 0x18, 0x00, 0x00, 0x00, 0x00, 0x00 }, { 0x00, 0x00, 0x00, 0x00, 0xfe, 0x18, 0x18, 0xd8, 0xd8, 0xd8, 0xd8, 0xd8, 0xd8, 0x18, 0x18, 0x18, 0x78, 0x00, 0x00 }, { 0x00, 0x00, 0x00 } },
  {0x53f0, 0x00, { 0x00, 0x00, 0x00, 0x03, 0x03, 0x06, 0x0c, 0x18, 0x3f, 0x00, 0x00, 0x1f, 0x18, 0x18, 0x18, 0x1f, 0x18, 0x00, 0x00 }, { 0x00, 0x00, 0x00, 0x00, 0x00, 0x30, 0x18, 0x0c, 0xfe, 0x06, 0x00, 0xfc, 0x0c, 0x0c, 0x0c, 0xfc, 0x0c, 0x00, 0x00 }, { 0x00, 0x00, 0x00 } },
  {0x53f3, 0x00, { 0x00, 0x00, 0x00, 0x03, 0x03, 0x03, 0x7f, 0x06, 0x06, 0x0c, 0x1f, 0x3c, 0x6c, 0x0c, 0x0c, 0x0f, 0x0c, 0x00, 0x00 }, { 0x00, 0x00, 0x00, 0x00, 0x00, 0x00, 0xfe, 0x00, 0x00, 0x00, 0xf8, 0x18, 0x18, 0x18, 0x18, 0xf8, 0x18, 0x00, 0x00 }, { 0x00, 0x00, 0x00 } },
  {0x53f7, 0x00, { 0x00, 0x00, 0x00, 0x1f, 0x18, 0x18, 0x1f, 0x00, 0x00, 0x7f, 0x06, 0x0c, 0x1f, 0x00, 0x00, 0x00, 0x00, 0x00, 0x00 }, { 0x00, 0x00, 0x00, 0xf8, 0x18, 0x18, 0xf8, 0x00, 0x00, 0xfe, 0x00, 0x00, 0xf8, 0x18, 0x18, 0x18, 0x70, 0x00, 0x00 }, { 0x00, 0x00, 0x00 } },
  {0x53f8, 0x00, { 0x00, 0x00, 0x00, 0x3f, 0x00, 0x00, 0x7f, 0x00, 0x00, 0x3f, 0x30, 0x30, 0x30, 0x3f, 0x30, 0x00, 0x00, 0x00, 0x00 }, { 0x00, 0x00, 0x00, 0xfc, 0x0c, 0x0c, 0xfc, 0x0c, 0x0c, 0xec, 0x6c, 0x6c, 0x6c, 0xec, 0x0c, 0x0c, 0x3c, 0x00, 0x00 }, { 0x00, 0x00, 0x00 } },
  {0x5408, 0x00, { 0x00, 0x00, 0x00, 0x01, 0x03, 0x06, 0x1c, 0x70, 0x0f, 0x00, 0x00, 0x1f, 0x18, 0x18, 0x18, 0x1f, 0x18, 0x00, 0x00 }, { 0x00, 0x00, 0x00, 0x80, 0xc0, 0x60, 0x38, 0x0e, 0xf0, 0x00, 0x00, 0xf8, 0x18, 0x18, 0x18, 0xf8, 0x18, 0x00, 0x00 }, { 0x00, 0x00, 0x00 } },
  {0x540c, 0x00, { 0x00, 0x00, 0x00, 0x3f, 0x30, 0x30, 0x3f, 0x30, 0x30, 0x37, 0x36, 0x36, 0x36, 0x37, 0x30, 0x30, 0x30, 0x00, 0x00 }, { 0x00, 0x00, 0x00, 0xfe, 0x06, 0x06, 0xfe, 0x06, 0x06, 0xf6, 0x36, 0x36, 0x36, 0xf6, 0x06, 0x06, 0x1e, 0x00, 0x00 }, { 0x00, 0x00, 0x00 } },
  {0x540d, 0x00, { 0x00, 0x00, 0x00, 0x03, 0x03, 0x07, 0x0c, 0x3e, 0x03, 0x01, 0x07, 0x1f, 0x7c, 0x0c, 0x0c, 0x0f, 0x0c, 0x00, 0x00 }, { 0x00, 0x00, 0x00, 0x00, 0x00, 0xfc, 0x18, 0x30, 0x60, 0xc0, 0x00, 0xfc, 0x0c, 0x0c, 0x0c, 0xfc, 0x0c, 0x00, 0x00 }, { 0x00, 0x00, 0x00 } },
  {0x540e, 0x00, { 0x00, 0x00, 0x00, 0x00, 0x1f, 0x18, 0x18, 0x1f, 0x18, 0x18, 0x1f, 0x1e, 0x1e, 0x36, 0x36, 0x67, 0x06, 0x00, 0x00 }, { 0x00, 0x00, 0x00, 0x3c, 0xe0, 0x00, 0x00, 0xfe, 0x00, 0x00, 0xfc, 0x0c, 0x0c, 0x0c, 0x0c, 0xfc, 0x0c, 0x00, 0x00 }, { 0x00, 0x00, 0x00 } },
  {0x5411, 0x00, { 0x00, 0x00, 0x00, 0x03, 0x06, 0x3f, 0x30, 0x30, 0x37, 0x36, 0x36, 0x36, 0x37, 0x30, 0x30, 0x30, 0x30, 0x00, 0x00 }, { 0x00, 0x00, 0x00, 0x00, 0x00, 0xfe, 0x06, 0x06, 0xf6, 0x36, 0x36, 0x36, 0xf6, 0x06, 0x06, 0x06, 0x1e, 0x00, 0x00 }, { 0x00, 0x00, 0x00 } },
  {0x5417, 0x00, { 0x00, 0x00, 0x00, 0x00, 0x03, 0x7c, 0x6d, 0x6d, 0x6d, 0x6d, 0x6c, 0x6c, 0x7f, 0x6c, 0x00, 0x00, 0x00, 0x00, 0x00 }, { 0x00, 0x00, 0x00, 0x00, 0xf8, 0x18, 0x98, 0x98, 0x98, 0xfe, 0x06, 0x06, 0xfe, 0x06, 0x06, 0x06, 0x1c, 0x00, 0x00 }, { 0x00, 0x00, 0x00 } },
  {0x5426, 0x00, { 0x00, 0x00, 0x00, 0x00, 0x3f, 0x01, 0x03, 0x07, 0x1d, 0x71, 0x01, 0x1f, 0x18, 0x18, 0x18, 0x1f, 0x18, 0x00, 0x00 }, { 0x00, 0x00, 0x00, 0x00, 0xfc, 0x80, 0x80, 0xf0, 0x9c, 0x86, 0x80, 0xf8, 0x18, 0x18, 0x18, 0xf8, 0x18, 0x00, 0x00 }, { 0x00, 0x00, 0x00 } },
  {0x542b, 0x00, { 0x00,0x00,0x00,0x01,0x03,0x06,0x1f,0x71,0x1f,0x00,0x00,0x1f,0x18,0x18,0x18,0x1f,0x18,0x00,0x00}, { 0x00,0x00,0x00,0x80,0xc0,0x60,0x38,0x8e,0xf0,0x30,0x60,0xf8,0x18,0x18,0x18,0xf8,0x18,0x00,0x00}, {0x00,0x00,0x00} },
  {0x542f, 0x00, { 0x00, 0x00, 0x00, 0x03, 0x01, 0x1f, 0x18, 0x18, 0x1f, 0x18, 0x18, 0x1f, 0x1e, 0x36, 0x36, 0x67, 0x06, 0x00, 0x00 }, { 0x00, 0x00, 0x00, 0x00, 0x80, 0xfc, 0x0c, 0x0c, 0xfc, 0x00, 0x00, 0xfc, 0x0c, 0x0c, 0x0c, 0xfc, 0x0c, 0x00, 0x00 }, { 0x00, 0x00, 0x00 } },
  {0x5458, 0x00, { 0x00, 0x00, 0x00, 0x1f, 0x18, 0x18, 0x1f, 0x00, 0x3f, 0x30, 0x30, 0x31, 0x31, 0x33, 0x06, 0x1c, 0x70, 0x00, 0x00 }, { 0x00, 0x00, 0x00, 0xf8, 0x18, 0x18, 0xf8, 0x00, 0xfc, 0x0c, 0x0c, 0x8c, 0x8c, 0x0c, 0xe0, 0x38, 0x0c, 0x00, 0x00 }, { 0x00, 0x00, 0x00 } },
  {0x547d, 0x00, { 0x00, 0x00, 0x00, 0x01, 0x03, 0x06, 0x1c, 0x77, 0x00, 0x00, 0x3f, 0x33, 0x33, 0x33, 0x3f, 0x33, 0x00, 0x00, 0x00 }, { 0x00, 0x00, 0x00, 0x80, 0xc0, 0x60, 0x38, 0xee, 0x00, 0x00, 0xfc, 0xcc, 0xcc, 0xcc, 0xcc, 0xfc, 0xc0, 0x00, 0x00 }, { 0x00, 0x00, 0x00 } },
  {0x548c, 0x00, { 0x00, 0x00, 0x00, 0x07, 0x3c, 0x0c, 0x0c, 0x7f, 0x0c, 0x1c, 0x1e, 0x3f, 0x3c, 0x6c, 0x0c, 0x0c, 0x0c, 0x00, 0x00 }, { 0x00, 0x00, 0x00, 0x00, 0x00, 0xfe, 0xc6, 0xc6, 0xc6, 0xc6, 0xc6, 0xc6, 0xc6, 0xfe, 0xc6, 0x00, 0x00, 0x00, 0x00 }, { 0x00, 0x00, 0x00 } },
  {0x5524, 0x00, { 0x00, 0x00, 0x00, 0x01, 0x01, 0x7d, 0x6f, 0x6e, 0x6f, 0x6f, 0x6f, 0x6f, 0x7f, 0x6c, 0x01, 0x03, 0x06, 0x00, 0x00 }, { 0x00, 0x00, 0x00, 0x80, 0x80, 0xf8, 0x18, 0x30, 0xfc, 0x6c, 0x6c, 0x6c, 0xfe, 0xf0, 0x98, 0x0c, 0x06, 0x00, 0x00 }, { 0x00, 0x00, 0x00 } },
  { 0x552f, 0x00, { 0x00,0x00,0x00,0x00,0x00,0x7d,0x6d,0x6f,0x6f,0x6d,0x6d,0x6d,0x7d,0x6d,0x01,0x01,0x01,0x00,0x00}, { 0x00,0x00,0x00,0xf0,0xd8,0x80,0xfe,0xb0,0xb0,0xfc,0xb0,0xb0,0xfc,0xb0,0xb0,0xfe,0x80,0x00,0x00}, {0x00,0x00,0x00} },
  {0x5546, 0x00, { 0x00, 0x00, 0x00, 0x03, 0x01, 0x7f, 0x0c, 0x06, 0x3f, 0x36, 0x3c, 0x3f, 0x36, 0x36, 0x37, 0x30, 0x30, 0x00, 0x00 }, { 0x00, 0x00, 0x00, 0x00, 0x80, 0xfe, 0x30, 0x60, 0xfc, 0x6c, 0x3c, 0xfc, 0x6c, 0x6c, 0xec, 0x0c, 0x3c, 0x00, 0x00 }, { 0x00, 0x00, 0x00 } },
  {0x5668, 0x00, { 0x00, 0x00, 0x00, 0x3f, 0x33, 0x33, 0x3f, 0x00, 0x01, 0x7f, 0x06, 0x1c, 0x70, 0x3f, 0x33, 0x33, 0x3f, 0x00, 0x00 }, { 0x00, 0x00, 0x00, 0xfc, 0xcc, 0xcc, 0xfc, 0x30, 0x98, 0xfe, 0x60, 0x38, 0x0e, 0xfc, 0xcc, 0xcc, 0xfc, 0x00, 0x00 }, { 0x00, 0x00, 0x00 } },
  {0x56db, 0x00, { 0x00, 0x00, 0x00, 0x00, 0x3f, 0x33, 0x33, 0x33, 0x33, 0x33, 0x33, 0x33, 0x36, 0x3c, 0x30, 0x3f, 0x30, 0x00, 0x00 }, { 0x00, 0x00, 0x00, 0x00, 0xfe, 0x66, 0x66, 0x66, 0x66, 0x66, 0x66, 0x66, 0x3e, 0x06, 0x06, 0xfe, 0x06, 0x00, 0x00 }, { 0x00, 0x00, 0x00 } },
  {0x56de, 0x00, { 0x00, 0x00, 0x00, 0x00, 0x3f, 0x30, 0x30, 0x37, 0x36, 0x36, 0x36, 0x36, 0x37, 0x30, 0x30, 0x3f, 0x30, 0x00, 0x00 }, { 0x00, 0x00, 0x00, 0x00, 0xfe, 0x06, 0x06, 0xf6, 0x36, 0x36, 0x36, 0x36, 0xf6, 0x06, 0x06, 0xfe, 0x06, 0x00, 0x00 }, { 0x00, 0x00, 0x00 } },
  {0x56f4, 0x00, { 0x00, 0x00, 0x00, 0x3f, 0x31, 0x31, 0x3f, 0x31, 0x37, 0x31, 0x3f, 0x31, 0x31, 0x31, 0x31, 0x3f, 0x30, 0x00, 0x00 }, { 0x00, 0x00, 0x00, 0xfe, 0x86, 0x86, 0xfe, 0x86, 0xf6, 0x86, 0xfe, 0x9e, 0x9e, 0xf6, 0x86, 0xfe, 0x06, 0x00, 0x00 }, { 0x00, 0x00, 0x00 } },
  {0x56fa, 0x00, { 0x00, 0x00, 0x00, 0x3f, 0x31, 0x31, 0x3f, 0x31, 0x31, 0x3f, 0x3c, 0x3c, 0x3f, 0x30, 0x30, 0x3f, 0x30, 0x00, 0x00 }, { 0x00, 0x00, 0x00, 0xfe, 0x86, 0x86, 0xfe, 0x86, 0x86, 0xf6, 0x36, 0x36, 0xf6, 0x06, 0x06, 0xfe, 0x06, 0x00, 0x00 }, { 0x00, 0x00, 0x00 } },
  {0x5728, 0x00, { 0x00, 0x00, 0x00, 0x03, 0x03, 0x7f, 0x06, 0x0c, 0x0c, 0x1c, 0x3f, 0x6c, 0x0c, 0x0c, 0x0c, 0x0f, 0x0c, 0x00, 0x00 }, { 0x00, 0x00, 0x00, 0x00, 0x00, 0xfe, 0x00, 0x60, 0x60, 0x60, 0xfc, 0x60, 0x60, 0x60, 0x60, 0xfe, 0x00, 0x00, 0x00 }, { 0x00, 0x00, 0x00 } },
  {0x5730, 0x00, { 0x00, 0x00, 0x00, 0x18, 0x18, 0x1b, 0x1b, 0x7f, 0x1f, 0x1b, 0x1b, 0x1b, 0x1b, 0x1f, 0x73, 0x03, 0x01, 0x00, 0x00 }, { 0x00, 0x00, 0x00, 0x60, 0x60, 0x6c, 0x7c, 0xfc, 0xec, 0x6c, 0x6c, 0x6c, 0x7c, 0x60, 0x06, 0x06, 0xfe, 0x00, 0x00 }, { 0x00, 0x00, 0x00 } },
  {0x5740, 0x00, { 0x00, 0x00, 0x00, 0x18, 0x18, 0x18, 0x18, 0x7f, 0x19, 0x19, 0x19, 0x19, 0x19, 0x1f, 0x79, 0x01, 0x07, 0x00, 0x00 }, { 0x00, 0x00, 0x00, 0x30, 0x30, 0x30, 0x30, 0xb0, 0xbe, 0xb0, 0xb0, 0xb0, 0xb0, 0xb0, 0xb0, 0xb0, 0xfe, 0x00, 0x00 }, { 0x00, 0x00, 0x00 } },
  {0x5747, 0x00, { 0x00, 0x00, 0x00, 0x18, 0x18, 0x18, 0x19, 0x7f, 0x18, 0x18, 0x18, 0x18, 0x18, 0x1d, 0x70, 0x00, 0x00, 0x00, 0x00 }, { 0x00, 0x00, 0x00, 0xc0, 0xc0, 0xfe, 0x86, 0x06, 0xc6, 0x66, 0x1e, 0x36, 0x66, 0xc6, 0x06, 0x06, 0x1c, 0x00, 0x00 }, { 0x00, 0x00, 0x00 } },
  {0x5757, 0x00, { 0x00, 0x00, 0x00, 0x18, 0x18, 0x1b, 0x18, 0x7e, 0x18, 0x18, 0x1f, 0x18, 0x1e, 0x79, 0x01, 0x03, 0x06, 0x00, 0x00 }, { 0x00, 0x00, 0x00, 0xc0, 0xc0, 0xfc, 0xcc, 0xcc, 0xcc, 0xcc, 0xfe, 0xf0, 0xf0, 0x98, 0x98, 0x0c, 0x06, 0x00, 0x00 }, { 0x00, 0x00, 0x00 } },
  {0x578b, 0x00, { 0x00, 0x00, 0x00, 0x00, 0x3f, 0x1b, 0x1b, 0x7f, 0x1b, 0x1b, 0x33, 0x61, 0x01, 0x3f, 0x01, 0x01, 0x7f, 0x00, 0x00 }, { 0x00, 0x00, 0x00, 0x0c, 0xec, 0x6c, 0x6c, 0xec, 0x6c, 0x0c, 0x0c, 0xbc, 0x80, 0xfc, 0x80, 0x80, 0xfe, 0x00, 0x00 }, { 0x00, 0x00, 0x00 } },
  {0x57fa, 0x00, { 0x00, 0x00, 0x00, 0x0c, 0x3f, 0x0c, 0x0f, 0x0c, 0x0f, 0x0c, 0x7f, 0x18, 0x31, 0x6f, 0x01, 0x01, 0x7f, 0x00, 0x00 }, { 0x00, 0x00, 0x00, 0x30, 0xfc, 0x30, 0xf0, 0x30, 0xf0, 0x30, 0xfe, 0x18, 0x8c, 0xf6, 0x80, 0x80, 0xfe, 0x00, 0x00 }, { 0x00, 0x00, 0x00 } },
  {0x5831, 0x00, { 0x00, 0x00, 0x00, 0x0c, 0x3f, 0x0c, 0x0c, 0x7f, 0x33, 0x1e, 0x3f, 0x0c, 0x0c, 0x7f, 0x0c, 0x0c, 0x0c, 0x00, 0x00 }, { 0x00, 0x00, 0x00, 0x00, 0xfc, 0xcc, 0xcc, 0xcc, 0xfc, 0xc0, 0xfc, 0xfc, 0xfc, 0xfc, 0xd8, 0xfc, 0xe6, 0x00, 0x00 }, { 0x00, 0x00, 0x00 } },
  {0x5834, 0x00, { 0x00, 0x00, 0x00, 0x18, 0x1b, 0x1b, 0x1b, 0x7f, 0x1b, 0x18, 0x1f, 0x1b, 0x1f, 0x1d, 0x73, 0x06, 0x01, 0x00, 0x00 }, { 0x00, 0x00, 0x00, 0x00, 0xf8, 0x18, 0xf8, 0x18, 0xf8, 0x00, 0xfe, 0x00, 0xfc, 0xbc, 0x6c, 0xcc, 0xb8, 0x00, 0x00 }, { 0x00, 0x00, 0x00 } },
  {0x5904, 0x00, { 0x00, 0x00, 0x00, 0x18, 0x18, 0x18, 0x1f, 0x33, 0x33, 0x33, 0x7b, 0x1e, 0x1e, 0x0c, 0x1f, 0x31, 0x60, 0x00, 0x00 }, { 0x00, 0x00, 0x00, 0x60, 0x60, 0x60, 0x60, 0x78, 0x6c, 0x66, 0x66, 0x60, 0x60, 0x60, 0x60, 0xfe, 0x00, 0x00, 0x00 }, { 0x00, 0x00, 0x00 } },
  {0x5907, 0x00, { 0x00, 0x00, 0x00, 0x06, 0x0f, 0x1c, 0x36, 0x03, 0x0e, 0x78, 0x1f, 0x19, 0x19, 0x1f, 0x19, 0x19, 0x1f, 0x00, 0x00 }, { 0x00, 0x00, 0x00, 0x00, 0xf8, 0x30, 0x60, 0xc0, 0x70, 0x1e, 0xf8, 0x98, 0x98, 0xf8, 0x98, 0x98, 0xf8, 0x00, 0x00 }, { 0x00, 0x00, 0x00 } },
  {0x5909, 0x00, { 0x00, 0x00, 0x00, 0x03, 0x01, 0x7f, 0x06, 0x1e, 0x1e, 0x36, 0x6c, 0x0f, 0x1c, 0x36, 0x03, 0x0e, 0x78, 0x00, 0x00 }, { 0x00, 0x00, 0x00, 0x00, 0x80, 0xfe, 0x60, 0x78, 0x6c, 0x66, 0x06, 0xf0, 0x30, 0x60, 0xc0, 0x70, 0x1e, 0x00, 0x00 }, { 0x00, 0x00, 0x00 } },
  {0x590d, 0x00, { 0x00, 0x00, 0x00, 0x0c, 0x0f, 0x18, 0x3f, 0x6c, 0x0f, 0x0c, 0x0f, 0x06, 0x0f, 0x3e, 0x03, 0x0e, 0x78, 0x00, 0x00 }, { 0x00, 0x00, 0x00, 0x00, 0xfe, 0x00, 0xf8, 0x18, 0xf8, 0x18, 0xf8, 0x00, 0xf8, 0x70, 0xc0, 0x70, 0x1e, 0x00, 0x00 }, { 0x00, 0x00, 0x00 } },
  {0x5916, 0x00, { 0x00, 0x00, 0x00, 0x18, 0x18, 0x18, 0x1f, 0x33, 0x33, 0x7b, 0x0e, 0x06, 0x0c, 0x0c, 0x18, 0x30, 0x60, 0x00, 0x00 }, { 0x00, 0x00, 0x00, 0x60, 0x60, 0x60, 0x60, 0x70, 0x78, 0x6c, 0x66, 0x66, 0x60, 0x60, 0x60, 0x60, 0x60, 0x00, 0x00 }, { 0x00, 0x00, 0x00 } },
  {0x591f, 0x00, { 0x00, 0x00, 0x00, 0x18, 0x18, 0x1f, 0x33, 0x63, 0x3f, 0x3f, 0x3f, 0x3f, 0x3f, 0x33, 0x03, 0x03, 0x0e, 0x00, 0x00 }, { 0x00, 0x00, 0x00, 0x30, 0x3e, 0x66, 0xfc, 0x18, 0x70, 0xf0, 0x3e, 0x66, 0xfc, 0x1c, 0x18, 0x30, 0xe0, 0x00, 0x00 }, { 0x00, 0x00, 0x00 } },
  {0x5927, 0x00, { 0x00, 0x00, 0x00, 0x01, 0x01, 0x01, 0x01, 0x7f, 0x01, 0x03, 0x03, 0x03, 0x06, 0x06, 0x0c, 0x18, 0x70, 0x00, 0x00 }, { 0x00, 0x00, 0x00, 0x80, 0x80, 0x80, 0x80, 0xfe, 0x80, 0xc0, 0xc0, 0xc0, 0x60, 0x60, 0x30, 0x18, 0x0e, 0x00, 0x00 }, { 0x00, 0x00, 0x00 } },
  {0x592a, 0x00, { 0x00, 0x00, 0x00, 0x01, 0x01, 0x01, 0x01, 0x7f, 0x01, 0x03, 0x03, 0x06, 0x06, 0x0f, 0x19, 0x31, 0x60, 0x00, 0x00 }, { 0x00, 0x00, 0x00, 0x80, 0x80, 0x80, 0x80, 0xfe, 0x80, 0xc0, 0xc0, 0x60, 0x60, 0x30, 0x98, 0x8c, 0x06, 0x00, 0x00 }, { 0x00, 0x00, 0x00 } },
  {0x5931, 0x00, { 0x00, 0x00, 0x00, 0x01, 0x0d, 0x0d, 0x0f, 0x19, 0x31, 0x01, 0x7f, 0x03, 0x03, 0x06, 0x0c, 0x18, 0x70, 0x00, 0x00 }, { 0x00, 0x00, 0x00, 0x80, 0x80, 0x80, 0xf8, 0x80, 0x80, 0x80, 0xfe, 0xc0, 0xc0, 0x60, 0x30, 0x18, 0x0e, 0x00, 0x00 }, { 0x00, 0x00, 0x00 } },
  {0x5939, 0x00, { 0x00,0x00,0x00,0x01,0x01,0x01,0x3f,0x01,0x19,0x0d,0x01,0x7f,0x01,0x03,0x06,0x1c,0x70,0x00,0x00}, { 0x00,0x00,0x00,0x80,0x80,0x80,0xfc,0x80,0x98,0xb0,0x80,0xfe,0x80,0xc0,0x60,0x38,0x0e,0x00,0x00}, {0x00,0x00,0x00} },
  {0x5982, 0x00, { 0x00, 0x00, 0x00, 0x0c, 0x0c, 0x0c, 0x7f, 0x1b, 0x1b, 0x1b, 0x33, 0x36, 0x1e, 0x0c, 0x1e, 0x33, 0x60, 0x00, 0x00 }, { 0x00, 0x00, 0x00, 0x00, 0x00, 0xfe, 0xc6, 0xc6, 0xc6, 0xc6, 0xc6, 0xc6, 0xc6, 0xc6, 0xfe, 0xc6, 0x00, 0x00, 0x00 }, { 0x00, 0x00, 0x00 } },
  {0x59cb, 0x00, { 0x00, 0x00, 0x00, 0x18, 0x18, 0x18, 0x7e, 0x37, 0x37, 0x36, 0x66, 0x37, 0x1d, 0x0d, 0x1f, 0x37, 0x61, 0x00, 0x00 }, { 0x00, 0x00, 0x00, 0x60, 0x60, 0xc0, 0xd8, 0x8c, 0xfe, 0x06, 0x00, 0xfc, 0x8c, 0x8c, 0x8c, 0xfc, 0x8c, 0x00, 0x00 }, { 0x00, 0x00, 0x00 } },
  {0x5b50, 0x00, { 0x00, 0x00, 0x00, 0x3f, 0x00, 0x00, 0x00, 0x00, 0x01, 0x7f, 0x01, 0x01, 0x01, 0x01, 0x01, 0x01, 0x07, 0x00, 0x00 }, { 0x00, 0x00, 0x00, 0xfc, 0x18, 0x30, 0x60, 0xc0, 0x80, 0xfe, 0x80, 0x80, 0x80, 0x80, 0x80, 0x80, 0x80, 0x00, 0x00 }, { 0x00, 0x00, 0x00 } },
  {0x5b57, 0x00, { 0x00, 0x00, 0x00, 0x03, 0x01, 0x7f, 0x60, 0x60, 0x1f, 0x00, 0x00, 0x01, 0x7f, 0x01, 0x01, 0x01, 0x07, 0x00, 0x00 }, { 0x00, 0x00, 0x00, 0x00, 0x80, 0xfe, 0x06, 0x06, 0xf0, 0x60, 0xc0, 0x80, 0xfe, 0x80, 0x80, 0x80, 0x80, 0x00, 0x00 }, { 0x00, 0x00, 0x00 } },
  {0x5b58, 0x00, { 0x00, 0x00, 0x00, 0x03, 0x03, 0x7f, 0x06, 0x0c, 0x0d, 0x1c, 0x3c, 0x6c, 0x0f, 0x0c, 0x0c, 0x0c, 0x0c, 0x00, 0x00 }, { 0x00, 0x00, 0x00, 0x00, 0x00, 0xfe, 0x00, 0x00, 0xfc, 0x18, 0x30, 0x30, 0xfe, 0x30, 0x30, 0x30, 0xf0, 0x00, 0x00 }, { 0x00, 0x00, 0x00 } },
  {0x5b83, 0x00, { 0x00, 0x00, 0x00, 0x03, 0x01, 0x7f, 0x60, 0x78, 0x18, 0x18, 0x19, 0x1f, 0x18, 0x18, 0x18, 0x18, 0x0f, 0x00, 0x00 }, { 0x00, 0x00, 0x00, 0x00, 0x80, 0xfe, 0x06, 0x06, 0x00, 0x38, 0xe0, 0x00, 0x00, 0x0c, 0x0c, 0x0c, 0xfc, 0x00, 0x00 }, { 0x00, 0x00, 0x00 } },
  {0x5b89, 0x00, { 0x00, 0x00, 0x00, 0x03, 0x01, 0x7f, 0x60, 0x63, 0x03, 0x7f, 0x06, 0x0c, 0x1f, 0x01, 0x03, 0x0e, 0x78, 0x00, 0x00 }, { 0x00, 0x00, 0x00, 0x00, 0x80, 0xfe, 0x06, 0x06, 0x00, 0xfe, 0x30, 0x30, 0x60, 0xc0, 0x70, 0x18, 0x0c, 0x00, 0x00 }, { 0x00, 0x00, 0x00 } },
  {0x5b8c, 0x00, { 0x00, 0x00, 0x00, 0x03, 0x01, 0x7f, 0x60, 0x00, 0x1f, 0x00, 0x00, 0x7f, 0x06, 0x06, 0x0c, 0x18, 0x70, 0x00, 0x00 }, { 0x00, 0x00, 0x00, 0x00, 0x80, 0xfe, 0x06, 0x00, 0xf8, 0x00, 0x00, 0xfe, 0x60, 0x60, 0x66, 0x66, 0x3e, 0x00, 0x00 }, { 0x00, 0x00, 0x00 } },
  {0x5b9a, 0x00, { 0x00, 0x00, 0x00, 0x03, 0x01, 0x7f, 0x60, 0x00, 0x1f, 0x01, 0x01, 0x19, 0x19, 0x19, 0x19, 0x3d, 0x67, 0x00, 0x00 }, { 0x00, 0x00, 0x00, 0x00, 0x80, 0xfe, 0x06, 0x00, 0xf8, 0x80, 0x80, 0x80, 0xf8, 0x80, 0x80, 0x80, 0xfe, 0x00, 0x00 }, { 0x00, 0x00, 0x00 } },
  {0x5bb9, 0x00, { 0x00, 0x00, 0x00, 0x01, 0x7f, 0x60, 0x0c, 0x19, 0x33, 0x06, 0x1c, 0x70, 0x1f, 0x18, 0x18, 0x1f, 0x18, 0x00, 0x00 }, { 0x00, 0x00, 0x00, 0x80, 0xfe, 0x06, 0x30, 0x98, 0xcc, 0x60, 0x38, 0x0e, 0xf8, 0x18, 0x18, 0xf8, 0x18, 0x00, 0x00 }, { 0x00, 0x00, 0x00 } },
  {0x5bc4, 0x00, { 0x00, 0x00, 0x00, 0x03, 0x01, 0x7f, 0x61, 0x1f, 0x06, 0x0c, 0x7f, 0x00, 0x1f, 0x18, 0x1f, 0x18, 0x00, 0x00, 0x00 }, { 0x00, 0x00, 0x00, 0x00, 0x80, 0xfe, 0x86, 0xf8, 0x60, 0x30, 0xfe, 0x18, 0xd8, 0xd8, 0xd8, 0x18, 0x78, 0x00, 0x00 }, { 0x00, 0x00, 0x00 } },
  {0x5bc6, 0x00, { 0x00, 0x00, 0x00, 0x01, 0x7f, 0x60, 0x03, 0x3d, 0x3c, 0x6d, 0x07, 0x1c, 0x71, 0x19, 0x19, 0x1f, 0x00, 0x00, 0x00 }, { 0x00, 0x00, 0x00, 0x80, 0xfe, 0x06, 0x30, 0xec, 0xc6, 0x9e, 0xf8, 0x00, 0x80, 0x98, 0x98, 0xf8, 0x18, 0x00, 0x00 }, { 0x00, 0x00, 0x00 } },
  {0x5bfc, 0x00, { 0x00, 0x00, 0x00, 0x3f, 0x30, 0x30, 0x3f, 0x30, 0x30, 0x1f, 0x00, 0x00, 0x7f, 0x0c, 0x06, 0x06, 0x00, 0x00, 0x00 }, { 0x00, 0x00, 0x00, 0xf8, 0x18, 0x18, 0xf8, 0x06, 0x06, 0xfe, 0x30, 0x30, 0xfe, 0x30, 0x30, 0x30, 0xf0, 0x00, 0x00 }, { 0x00, 0x00, 0x00 } },
  {0x5c01, 0x00, { 0x00, 0x00, 0x00, 0x0c, 0x0c, 0x3f, 0x0c, 0x0c, 0x7f, 0x00, 0x0c, 0x3f, 0x0c, 0x0c, 0x0f, 0x78, 0x00, 0x00, 0x00 }, { 0x00, 0x00, 0x00, 0x18, 0x18, 0x18, 0xfe, 0x18, 0x18, 0xd8, 0x78, 0x78, 0x18, 0x18, 0x18, 0x18, 0x78, 0x00, 0x00 }, { 0x00, 0x00, 0x00 } },
  {0x5c06, 0x00, { 0x00, 0x00, 0x00, 0x0c, 0x0c, 0x6d, 0x3f, 0x3c, 0x0c, 0x0d, 0x1f, 0x3c, 0x6d, 0x0c, 0x0c, 0x0c, 0x0c, 0x00, 0x00 }, { 0x00, 0x00, 0x00, 0xc0, 0xfc, 0x98, 0xf0, 0x60, 0xd8, 0x98, 0xfe, 0x18, 0x98, 0xd8, 0x18, 0x18, 0x78, 0x00, 0x00 }, { 0x00, 0x00, 0x00 } },
  {0x5c0f, 0x00, { 0x00, 0x00, 0x00, 0x01, 0x01, 0x01, 0x01, 0x0d, 0x0d, 0x19, 0x31, 0x61, 0x01, 0x01, 0x01, 0x01, 0x07, 0x00, 0x00 }, { 0x00, 0x00, 0x00, 0x80, 0x80, 0x80, 0x80, 0xb0, 0x98, 0x8c, 0x86, 0x86, 0x80, 0x80, 0x80, 0x80, 0x80, 0x00, 0x00 }, { 0x00, 0x00, 0x00 } },
  {0x5c11, 0x00, { 0x00,0x00,0x00,0x01,0x01,0x0d,0x0d,0x19,0x31,0x61,0x01,0x01,0x00,0x00,0x03,0x0e,0x78,0x00,0x00}, { 0x00,0x00,0x00,0x80,0x80,0xb0,0x98,0x8c,0x86,0x86,0x98,0xb0,0x60,0xc0,0x80,0x00,0x00,0x00,0x00}, {0x00,0x00,0x00} },
  {0x5c1a, 0x00, { 0x00,0x00,0x00,0x01,0x31,0x19,0x0d,0x3f,0x30,0x30,0x37,0x36,0x36,0x37,0x30,0x30,0x30,0x00,0x00}, { 0x00,0x00,0x00,0x80,0x8c,0x98,0xb0,0xfc,0x0c,0x0c,0xec,0x6c,0x6c,0xec,0x0c,0x0c,0x3c,0x00,0x00}, {0x00,0x00,0x00} },
  {0x5c1d, 0x00, { 0x00, 0x00, 0x00, 0x01, 0x19, 0x0d, 0x7f, 0x60, 0x60, 0x0f, 0x00, 0x00, 0x3f, 0x06, 0x0c, 0x1f, 0x00, 0x00, 0x00 }, { 0x00, 0x00, 0x00, 0x80, 0x98, 0xb0, 0xfe, 0x06, 0x06, 0xf0, 0x00, 0x00, 0xfc, 0x00, 0x30, 0xf8, 0x18, 0x00, 0x00 }, { 0x00, 0x00, 0x00 } },
  {0x5c42, 0x00, { 0x00, 0x00, 0x00, 0x3f, 0x30, 0x30, 0x3f, 0x30, 0x30, 0x37, 0x30, 0x30, 0x3f, 0x33, 0x36, 0x3f, 0x60, 0x00, 0x00 }, { 0x00, 0x00, 0x00, 0xfc, 0x0c, 0x0c, 0xfc, 0x00, 0x00, 0xf8, 0x00, 0x00, 0xfe, 0x00, 0x18, 0xfc, 0x0c, 0x00, 0x00 }, { 0x00, 0x00, 0x00 } },
  {0x5c71, 0x00, { 0x00, 0x00, 0x00, 0x01, 0x01, 0x01, 0x31, 0x31, 0x31, 0x31, 0x31, 0x31, 0x31, 0x31, 0x31, 0x3f, 0x00, 0x00, 0x00 }, { 0x00, 0x00, 0x00, 0x80, 0x80, 0x80, 0x8c, 0x8c, 0x8c, 0x8c, 0x8c, 0x8c, 0x8c, 0x8c, 0x8c, 0xfc, 0x0c, 0x00, 0x00 }, { 0x00, 0x00, 0x00 } },
  {0x5de5, 0x00, { 0x00, 0x00, 0x00, 0x00, 0x3f, 0x01, 0x01, 0x01, 0x01, 0x01, 0x01, 0x01, 0x01, 0x01, 0x01, 0x7f, 0x00, 0x00, 0x00 }, { 0x00, 0x00, 0x00, 0x00, 0xfc, 0x80, 0x80, 0x80, 0x80, 0x80, 0x80, 0x80, 0x80, 0x80, 0x80, 0xfe, 0x00, 0x00, 0x00 }, { 0x00, 0x00, 0x00 } },
  {0x5de6, 0x00, { 0x00, 0x00, 0x00, 0x03, 0x03, 0x03, 0x7f, 0x06, 0x06, 0x0c, 0x0f, 0x18, 0x18, 0x30, 0x60, 0x00, 0x1f, 0x00, 0x00 }, { 0x00, 0x00, 0x00, 0x00, 0x00, 0x00, 0xfe, 0x00, 0x00, 0x00, 0xfc, 0xc0, 0xc0, 0xc0, 0xc0, 0xc0, 0xfe, 0x00, 0x00 }, { 0x00, 0x00, 0x00 } },
  {0x5df2, 0x00, { 0x00, 0x00, 0x00, 0x00, 0x3f, 0x00, 0x00, 0x30, 0x30, 0x3f, 0x30, 0x30, 0x30, 0x30, 0x30, 0x30, 0x1f, 0x00, 0x00 }, { 0x00, 0x00, 0x00, 0x00, 0xfc, 0x0c, 0x0c, 0x0c, 0x0c, 0xfc, 0x00, 0x00, 0x00, 0x00, 0x06, 0x06, 0xfe, 0x00, 0x00 }, { 0x00, 0x00, 0x00 } },
  {0x5e2e, 0x00, { 0x00, 0x00, 0x00, 0x0c, 0x7f, 0x0c, 0x3f, 0x0c, 0x7f, 0x18, 0x30, 0x61, 0x3f, 0x31, 0x31, 0x31, 0x01, 0x00, 0x00 }, { 0x00, 0x00, 0x00, 0x00, 0xfe, 0x66, 0x6c, 0x66, 0xe6, 0x7c, 0x60, 0x80, 0xfc, 0x8c, 0x8c, 0xbc, 0x80, 0x00, 0x00 }, { 0x00, 0x00, 0x00 } },
  {0x5e38, 0x00, { 0x00, 0x00, 0x00, 0x01, 0x19, 0x0d, 0x7f, 0x60, 0x0f, 0x0c, 0x0f, 0x01, 0x3f, 0x31, 0x31, 0x31, 0x01, 0x00, 0x00 }, { 0x00, 0x00, 0x00, 0x80, 0x98, 0xb0, 0xfe, 0x06, 0xf0, 0x30, 0xf0, 0x80, 0xfc, 0x8c, 0x8c, 0xbc, 0x80, 0x00, 0x00 }, { 0x00, 0x00, 0x00 } },
  {0x5e73, 0x00, { 0x00, 0x00, 0x00, 0x3f, 0x01, 0x01, 0x19, 0x0d, 0x0d, 0x01, 0x7f, 0x01, 0x01, 0x01, 0x01, 0x01, 0x01, 0x00, 0x00 }, { 0x00, 0x00, 0x00, 0xfc, 0x80, 0x80, 0x98, 0x98, 0xb0, 0x80, 0xfe, 0x80, 0x80, 0x80, 0x80, 0x80, 0x80, 0x00, 0x00 }, { 0x00, 0x00, 0x00 } },
  {0x5e74, 0x00, { 0x00,0x00,0x00,0x0c,0x0c,0x0f,0x18,0x30,0x6f,0x0c,0x0c,0x0c,0x7f,0x00,0x00,0x00,0x00,0x00,0x00}, { 0x00,0x00,0x00,0x00,0x00,0xfc,0xc0,0xc0,0xf8,0xc0,0xc0,0xc0,0xfe,0xc0,0xc0,0xc0,0xc0,0x00,0x00}, {0x00,0x00,0x00} },
  {0x5e76, 0x00, { 0x00, 0x00, 0x00, 0x18, 0x0c, 0x06, 0x3f, 0x0c, 0x0c, 0x0c, 0x0c, 0x7f, 0x0c, 0x18, 0x18, 0x30, 0x60, 0x00, 0x00 }, { 0x00, 0x00, 0x00, 0x18, 0x30, 0x60, 0xfc, 0x30, 0x30, 0x30, 0x30, 0xfe, 0x30, 0x30, 0x30, 0x30, 0x30, 0x00, 0x00 }, { 0x00, 0x00, 0x00 } },
  {0x5e8f, 0x00, { 0x00, 0x00, 0x00, 0x01, 0x00, 0x1f, 0x18, 0x1f, 0x18, 0x19, 0x18, 0x1f, 0x18, 0x18, 0x30, 0x30, 0x61, 0x00, 0x00 }, { 0x00, 0x00, 0x00, 0x80, 0xc0, 0xfe, 0x00, 0xfc, 0x18, 0xb0, 0xe0, 0xfe, 0x66, 0x6c, 0x60, 0x60, 0xe0, 0x00, 0x00 }, { 0x00, 0x00, 0x00 } },
  {0x5e94, 0x00, { 0x00,0x00,0x00,0x01,0x00,0x3f,0x30,0x31,0x30,0x30,0x3c,0x36,0x33,0x33,0x30,0x30,0x6f,0x00,0x00}, { 0x00,0x00,0x00,0x80,0xc0,0xfe,0x00,0x80,0xcc,0x6c,0x6c,0x0c,0x18,0x18,0x30,0x60,0xfe,0x00,0x00}, {0x00,0x00,0x00} },
  {0x5ea6, 0x00, { 0x00, 0x00, 0x00, 0x01, 0x00, 0x1f, 0x1b, 0x1f, 0x1b, 0x1b, 0x18, 0x1f, 0x1b, 0x19, 0x30, 0x33, 0x6e, 0x00, 0x00 }, { 0x00, 0x00, 0x00, 0x80, 0xc0, 0xfe, 0x18, 0xfe, 0x18, 0xf8, 0x00, 0xfc, 0x18, 0xb0, 0xe0, 0xb8, 0x0e, 0x00, 0x00 }, { 0x00, 0x00, 0x00 } },
  {0x5ef6, 0x00, { 0x00, 0x00, 0x00, 0x00, 0x00, 0x7d, 0x0c, 0x18, 0x19, 0x31, 0x3d, 0x0d, 0x3d, 0x19, 0x18, 0x3c, 0x67, 0x00, 0x00 }, { 0x00, 0x00, 0x00, 0x00, 0x3c, 0xf0, 0x30, 0x30, 0xbc, 0xb0, 0xb0, 0xb0, 0xb0, 0xfc, 0x00, 0x00, 0xfe, 0x00, 0x00 }, { 0x00, 0x00, 0x00 } },
  {0x5efa, 0x00, { 0x00,0x00,0x00,0x00,0x00,0x7f,0x0c,0x1f,0x18,0x33,0x3c,0x0f,0x3c,0x1f,0x18,0x3c,0x67,0x00,0x00}, { 0x00,0x00,0x00,0x60,0x60,0xfc,0x6c,0xfe,0x6c,0xfc,0x60,0xfc,0x60,0xfe,0x60,0x60,0xfe,0x00,0x00}, {0x00,0x00,0x00} },
  {0x5f00, 0x00, { 0x00, 0x00, 0x00, 0x3f, 0x0c, 0x0c, 0x0c, 0x0c, 0x0c, 0x7f, 0x0c, 0x0c, 0x0c, 0x18, 0x18, 0x30, 0x60, 0x00, 0x00 }, { 0x00, 0x00, 0x00, 0xfc, 0x30, 0x30, 0x30, 0x30, 0x30, 0xfe, 0x30, 0x30, 0x30, 0x30, 0x30, 0x30, 0x30, 0x00, 0x00 }, { 0x00, 0x00, 0x00 } },
  {0x5f03, 0x00, { 0x00, 0x00, 0x00, 0x03, 0x01, 0x7f, 0x0c, 0x18, 0x3f, 0x0c, 0x0c, 0x7f, 0x0c, 0x0c, 0x18, 0x30, 0x60, 0x00, 0x00 }, { 0x00, 0x00, 0x00, 0x00, 0x80, 0xfe, 0x30, 0x18, 0xfc, 0x3c, 0x30, 0xfe, 0x30, 0x30, 0x30, 0x30, 0x30, 0x00, 0x00 }, { 0x00, 0x00, 0x00 } },
  {0x5f0f, 0x00, { 0x00, 0x00, 0x00, 0x00, 0x00, 0x00, 0x7f, 0x00, 0x00, 0x3f, 0x0c, 0x0c, 0x0c, 0x0c, 0x0f, 0x7c, 0x00, 0x00, 0x00 }, { 0x00, 0x00, 0x00, 0x78, 0x6c, 0x60, 0xfe, 0x60, 0x60, 0x60, 0x60, 0x60, 0x30, 0x36, 0x9e, 0x0e, 0x06, 0x00, 0x00 }, { 0x00, 0x00, 0x00 } },
  {0x5f15, 0x00, { 0x00, 0x00, 0x00, 0x00, 0x3f, 0x00, 0x00, 0x3f, 0x30, 0x30, 0x30, 0x3f, 0x00, 0x00, 0x00, 0x00, 0x03, 0x00, 0x00 }, { 0x00, 0x00, 0x00, 0x0c, 0xcc, 0xcc, 0xcc, 0xcc, 0x0c, 0x0c, 0x0c, 0xcc, 0xcc, 0xcc, 0xcc, 0xcc, 0x8c, 0x00, 0x00 }, { 0x00, 0x00, 0x00 } },
  {0x5f39, 0x00, { 0x00, 0x00, 0x00, 0x01, 0x7c, 0x0f, 0x0f, 0x7f, 0x63, 0x63, 0x63, 0x7f, 0x0c, 0x0c, 0x0f, 0x0c, 0x38, 0x00, 0x00 }, { 0x00, 0x00, 0x00, 0x98, 0xf0, 0xfc, 0x6c, 0x6c, 0xfc, 0x6c, 0x6c, 0xfc, 0x60, 0x60, 0xfe, 0x60, 0x60, 0x00, 0x00 }, { 0x00, 0x00, 0x00 } },
  {0x5f3a, 0x00, { 0x00, 0x00, 0x00, 0x00, 0x7d, 0x0d, 0x0d, 0x7d, 0x60, 0x63, 0x63, 0x7f, 0x0f, 0x0c, 0x0c, 0x0f, 0x38, 0x00, 0x00 }, { 0x00, 0x00, 0x00, 0x00, 0xf8, 0x98, 0x98, 0xf8, 0x60, 0xfc, 0x6c, 0x6c, 0xfc, 0x60, 0x6c, 0xfe, 0x06, 0x00, 0x00 }, { 0x00, 0x00, 0x00 } },
  {0x5f53, 0x00, { 0x00, 0x00, 0x00, 0x01, 0x31, 0x19, 0x0d, 0x7f, 0x00, 0x00, 0x00, 0x3f, 0x00, 0x00, 0x00, 0x7f, 0x00, 0x00, 0x00 }, { 0x00, 0x00, 0x00, 0x80, 0x8c, 0x98, 0xb0, 0xfc, 0x0c, 0x0c, 0x0c, 0xfc, 0x0c, 0x0c, 0x0c, 0xfc, 0x0c, 0x00, 0x00 }, { 0x00, 0x00, 0x00 } },
  {0x5f55, 0x00, { 0x00, 0x00, 0x00, 0x00, 0x3f, 0x00, 0x1f, 0x00, 0x7f, 0x01, 0x19, 0x0d, 0x07, 0x0d, 0x19, 0x71, 0x07, 0x00, 0x00 }, { 0x00, 0x00, 0x00, 0x00, 0xf8, 0x18, 0xf8, 0x18, 0xfe, 0x80, 0x98, 0xf0, 0xe0, 0xb0, 0x98, 0x8e, 0x80, 0x00, 0x00 }, { 0x00, 0x00, 0x00 } },
  {0x5f84, 0x00, { 0x00,0x00,0x00,0x0c,0x0d,0x18,0x30,0x6c,0x0c,0x19,0x3b,0x79,0x18,0x18,0x18,0x18,0x1b,0x00,0x00}, { 0x00,0x00,0x00,0x00,0xfc,0x18,0x30,0x78,0xcc,0x86,0x00,0xfc,0x30,0x30,0x30,0x30,0xfe,0x00,0x00}, {0x00,0x00,0x00} },
  {0x5f85, 0x00, { 0x00, 0x00, 0x00, 0x0c, 0x18, 0x33, 0x6c, 0x0c, 0x1f, 0x38, 0x78, 0x1f, 0x18, 0x1b, 0x19, 0x18, 0x18, 0x00, 0x00 }, { 0x00, 0x00, 0x00, 0x60, 0x60, 0xfc, 0x60, 0x60, 0xfe, 0x18, 0x18, 0xfe, 0x18, 0x18, 0x98, 0x18, 0x78, 0x00, 0x00 }, { 0x00, 0x00, 0x00 } },
  {0x5fae, 0x00, { 0x00, 0x00, 0x00, 0x1b, 0x1f, 0x3f, 0x6f, 0x18, 0x18, 0x3f, 0x70, 0x37, 0x37, 0x37, 0x37, 0x37, 0x3c, 0x00, 0x00 }, { 0x00, 0x00, 0x00, 0x30, 0xf0, 0xf0, 0xfe, 0x6c, 0x3c, 0xfc, 0x3c, 0xbc, 0x98, 0x98, 0xfc, 0xbc, 0x66, 0x00, 0x00 }, { 0x00, 0x00, 0x00 } },
  {0x5fbd, 0x00, { 0x00, 0x00, 0x00, 0x1b, 0x1f, 0x3f, 0x60, 0x1f, 0x1b, 0x36, 0x7f, 0x33, 0x37, 0x3f, 0x33, 0x3f, 0x3f, 0x00, 0x00 }, { 0x00, 0x00, 0x00, 0x30, 0xf0, 0xf0, 0x3e, 0xec, 0x3c, 0xfc, 0xbc, 0x3c, 0x98, 0xd8, 0x3c, 0xbc, 0xe6, 0x00, 0x00 }, { 0x00, 0x00, 0x00 } },
  {0x5fc5, 0x00, { 0x00, 0x00, 0x00, 0x03, 0x01, 0x06, 0x06, 0x06, 0x36, 0x36, 0x36, 0x37, 0x67, 0x06, 0x0e, 0x1e, 0x73, 0x00, 0x00 }, { 0x00, 0x00, 0x00, 0x00, 0x80, 0xd8, 0xd8, 0x30, 0x30, 0x6c, 0xc6, 0x86, 0x06, 0x00, 0x18, 0x18, 0xf8, 0x00, 0x00 }, { 0x00, 0x00, 0x00 } },
  {0x5fd7, 0x00, { 0x00, 0x00, 0x00, 0x01, 0x01, 0x7f, 0x01, 0x01, 0x01, 0x3f, 0x00, 0x03, 0x01, 0x3d, 0x3c, 0x6c, 0x07, 0x00, 0x00 }, { 0x00, 0x00, 0x00, 0x80, 0x80, 0xfe, 0x80, 0x80, 0x80, 0xfc, 0x00, 0x00, 0x80, 0x8c, 0x06, 0x36, 0xf0, 0x00, 0x00 }, { 0x00, 0x00, 0x00 } },
  {0x5ffd, 0x00, { 0x00,0x00,0x00,0x0c,0x0c,0x1f,0x33,0x66,0x0c,0x19,0x33,0x06,0x01,0x0c,0x3c,0x3c,0x67,0x00,0x00}, { 0x00,0x00,0x00,0x00,0x00,0xfc,0x6c,0x6c,0xcc,0x8c,0x0c,0x38,0x80,0xcc,0xc6,0x36,0xf0,0x00,0x00}, {0x00,0x00,0x00} },
  {0x6001, 0x00, { 0x00, 0x00, 0x00, 0x01, 0x01, 0x7f, 0x01, 0x03, 0x06, 0x1f, 0x71, 0x00, 0x01, 0x0c, 0x3c, 0x3c, 0x67, 0x00, 0x00 }, { 0x00, 0x00, 0x00, 0x80, 0x80, 0xfe, 0x80, 0xc0, 0x60, 0x38, 0x8e, 0x00, 0x80, 0xcc, 0xc6, 0x36, 0xf0, 0x00, 0x00 }, { 0x00, 0x00, 0x00 } },
  {0x6027, 0x00, { 0x00, 0x00, 0x00, 0x18, 0x18, 0x19, 0x1d, 0x7f, 0x79, 0x7b, 0x18, 0x19, 0x18, 0x18, 0x18, 0x18, 0x1b, 0x00, 0x00 }, { 0x00, 0x00, 0x00, 0x30, 0x30, 0xb0, 0xb0, 0xfe, 0xb0, 0x30, 0x30, 0xfc, 0x30, 0x30, 0x30, 0x30, 0xfe, 0x00, 0x00 }, { 0x00, 0x00, 0x00 } },
  {0x603b, 0x00, { 0x00, 0x00, 0x00, 0x18, 0x0c, 0x06, 0x1f, 0x18, 0x18, 0x18, 0x1f, 0x00, 0x01, 0x0c, 0x3c, 0x3c, 0x67, 0x00, 0x00 }, { 0x00, 0x00, 0x00, 0x18, 0x30, 0x60, 0xf8, 0x18, 0x18, 0x18, 0xf8, 0x00, 0x80, 0xcc, 0xc6, 0x36, 0xf0, 0x00, 0x00 }, { 0x00, 0x00, 0x00 } },
  {0x6062, 0x00, { 0x00, 0x00, 0x00, 0x18, 0x18, 0x18, 0x1f, 0x7e, 0x79, 0x79, 0x1b, 0x1e, 0x19, 0x18, 0x18, 0x19, 0x1b, 0x00, 0x00 }, { 0x00, 0x00, 0x00, 0x60, 0x60, 0x60, 0xfe, 0xc0, 0xb0, 0xb6, 0xf6, 0xfc, 0xf8, 0x78, 0xcc, 0x8c, 0x06, 0x00, 0x00 }, { 0x00, 0x00, 0x00 } },
  {0x606f, 0x00, { 0x00, 0x00, 0x00, 0x03, 0x06, 0x1f, 0x18, 0x1f, 0x18, 0x1f, 0x18, 0x1f, 0x01, 0x0c, 0x3c, 0x3c, 0x67, 0x00, 0x00 }, { 0x00, 0x00, 0x00, 0x00, 0x00, 0xf8, 0x18, 0xf8, 0x18, 0xf8, 0x18, 0xf8, 0x80, 0xcc, 0xc6, 0x36, 0xf0, 0x00, 0x00 }, { 0x00, 0x00, 0x00 } },
  {0x60c5, 0x00, { 0x00, 0x00, 0x00, 0x18, 0x1b, 0x18, 0x1f, 0x7e, 0x7f, 0x78, 0x1b, 0x1b, 0x1b, 0x1b, 0x1b, 0x1b, 0x1b, 0x00, 0x00 }, { 0x00, 0x00, 0x00, 0x60, 0xfc, 0x60, 0xfc, 0x60, 0xfe, 0x00, 0xfc, 0x0c, 0xfc, 0x0c, 0xfc, 0x0c, 0x3c, 0x00, 0x00 }, { 0x00, 0x00, 0x00 } },
  {0x6210, 0x00, { 0x00, 0x00, 0x00, 0x00, 0x00, 0x00, 0x3f, 0x30, 0x30, 0x3f, 0x33, 0x33, 0x33, 0x33, 0x3e, 0x30, 0x61, 0x00, 0x00 }, { 0x00, 0x00, 0x00, 0x78, 0x6c, 0x60, 0xfe, 0x60, 0x6c, 0x6c, 0x6c, 0x78, 0x78, 0x36, 0x7e, 0xce, 0x86, 0x00, 0x00 }, { 0x00, 0x00, 0x00 } },
  {0x6216, 0x00, { 0x00, 0x00, 0x00, 0x00, 0x00, 0x00, 0x7f, 0x00, 0x00, 0x3f, 0x33, 0x33, 0x3f, 0x00, 0x0f, 0x78, 0x03, 0x00, 0x00 }, { 0x00, 0x00, 0x00, 0x78, 0x6c, 0x60, 0xfe, 0x60, 0x60, 0x6c, 0x6c, 0x78, 0x78, 0x36, 0x7e, 0xce, 0x86, 0x00, 0x00 }, { 0x00, 0x00, 0x00 } },
  {0x6233, 0x00, { 0x00,0x00,0x00,0x00,0x7f,0x7f,0x3b,0x7f,0x1b,0x3f,0x36,0x7f,0x36,0x3f,0x36,0x3f,0x30,0x00,0x00}, { 0x00,0x00,0x00,0x30,0xbc,0xb6,0xb0,0xbe,0xf0,0xbc,0x3c,0xbc,0x18,0x9e,0x3e,0xee,0xc6,0x00,0x00}, {0x00,0x00,0x00} },
  {0x6237, 0x00, { 0x00, 0x00, 0x00, 0x01, 0x00, 0x1f, 0x18, 0x18, 0x18, 0x1f, 0x18, 0x18, 0x18, 0x18, 0x30, 0x30, 0x60, 0x00, 0x00 }, { 0x00, 0x00, 0x00, 0x80, 0xc0, 0xfe, 0x06, 0x06, 0x06, 0xfe, 0x06, 0x00, 0x00, 0x00, 0x00, 0x00, 0x00, 0x00, 0x00 }, { 0x00, 0x00, 0x00 } },
  {0x6240, 0x00, { 0x00, 0x00, 0x00, 0x07, 0x3c, 0x30, 0x30, 0x3f, 0x33, 0x33, 0x33, 0x3f, 0x30, 0x30, 0x30, 0x31, 0x63, 0x00, 0x00 }, { 0x00, 0x00, 0x00, 0x1c, 0xf0, 0xc0, 0xc0, 0xc0, 0xfe, 0xd8, 0xd8, 0xd8, 0xd8, 0xd8, 0xd8, 0x98, 0x18, 0x00, 0x00 }, { 0x00, 0x00, 0x00 } },
  {0x6247, 0x00, { 0x00, 0x00, 0x00, 0x01, 0x00, 0x1f, 0x18, 0x1f, 0x18, 0x1f, 0x18, 0x1b, 0x19, 0x1b, 0x36, 0x30, 0x63, 0x00, 0x00 }, { 0x00, 0x00, 0x00, 0x80, 0xc0, 0xfe, 0x06, 0xfe, 0x00, 0xfe, 0xc6, 0xde, 0xce, 0xde, 0xf6, 0xc6, 0x9c, 0x00, 0x00 }, { 0x00, 0x00, 0x00 } },
  {0x624b, 0x00, { 0x00, 0x00, 0x00, 0x00, 0x3f, 0x01, 0x01, 0x3f, 0x01, 0x01, 0x01, 0x7f, 0x01, 0x01, 0x01, 0x01, 0x07, 0x00, 0x00 }, { 0x00, 0x00, 0x00, 0x7c, 0xc0, 0x80, 0x80, 0xfc, 0x80, 0x80, 0x80, 0xfe, 0x80, 0x80, 0x80, 0x80, 0x80, 0x00, 0x00 }, { 0x00, 0x00, 0x00 } },
  {0x6253, 0x00, { 0x00, 0x00, 0x00, 0x18, 0x1b, 0x18, 0x7e, 0x18, 0x18, 0x1e, 0x1c, 0x78, 0x18, 0x18, 0x18, 0x18, 0x78, 0x00, 0x00 }, { 0x00, 0x00, 0x00, 0x00, 0xfe, 0x30, 0x30, 0x30, 0x30, 0x30, 0x30, 0x30, 0x30, 0x30, 0x30, 0x30, 0xf0, 0x00, 0x00 }, { 0x00, 0x00, 0x00 } },
  {0x6269, 0x00, { 0x00, 0x00, 0x00, 0x18, 0x18, 0x18, 0x7f, 0x19, 0x19, 0x1f, 0x1d, 0x79, 0x19, 0x19, 0x1b, 0x1b, 0x7e, 0x00, 0x00 }, { 0x00, 0x00, 0x00, 0x60, 0x30, 0x30, 0xfe, 0x80, 0x80, 0x80, 0x80, 0x80, 0x80, 0x80, 0x00, 0x00, 0x00, 0x00, 0x00 }, { 0x00, 0x00, 0x00 } },
  {0x627e, 0x00, { 0x00, 0x00, 0x00, 0x0c, 0x0c, 0x0c, 0x7f, 0x0d, 0x0c, 0x0e, 0x1c, 0x7c, 0x0c, 0x0c, 0x0c, 0x0d, 0x3c, 0x00, 0x00 }, { 0x00, 0x00, 0x00, 0x78, 0x6c, 0x60, 0x7e, 0xf0, 0x6c, 0x6c, 0x78, 0x78, 0x30, 0x76, 0xde, 0x8e, 0x06, 0x00, 0x00 }, { 0x00, 0x00, 0x00 } },
  {0x62a4, 0x00, { 0x00, 0x00, 0x00, 0x18, 0x18, 0x19, 0x7f, 0x19, 0x19, 0x1f, 0x1d, 0x79, 0x19, 0x19, 0x1b, 0x1b, 0x7e, 0x00, 0x00 }, { 0x00, 0x00, 0x00, 0x60, 0x30, 0xfe, 0x86, 0x86, 0x86, 0xfe, 0x86, 0x80, 0x80, 0x80, 0x00, 0x00, 0x00, 0x00, 0x00 }, { 0x00, 0x00, 0x00 } },
  {0x62c6, 0x00, { 0x00,0x00,0x00,0x18,0x19,0x19,0x7f,0x19,0x19,0x1f,0x1d,0x79,0x19,0x19,0x1b,0x1b,0x7e,0x00,0x00}, { 0x00,0x00,0x00,0x1c,0xf0,0x80,0x80,0x80,0xfe,0x98,0x98,0xb8,0x9c,0x9e,0x18,0x18,0x18,0x00,0x00}, {0x00,0x00,0x00} },
  {0x62c9, 0x00, { 0x00, 0x00, 0x00, 0x18, 0x18, 0x18, 0x7f, 0x18, 0x18, 0x1b, 0x1f, 0x79, 0x19, 0x19, 0x18, 0x18, 0x7f, 0x00, 0x00 }, { 0x00, 0x00, 0x00, 0xc0, 0x60, 0x60, 0xfc, 0x00, 0x18, 0x18, 0x18, 0x98, 0xb0, 0xb0, 0x30, 0x60, 0xfe, 0x00, 0x00 }, { 0x00, 0x00, 0x00 } },
  {0x62d4, 0x00, { 0x00,0x00,0x00,0x18,0x18,0x18,0x7f,0x18,0x18,0x1e,0x1c,0x78,0x19,0x19,0x1b,0x1e,0x79,0x00,0x00}, { 0x00,0x00,0x00,0x78,0x6c,0x60,0xfe,0x60,0x60,0xfc,0xcc,0xcc,0xf8,0xf8,0x30,0x78,0xce,0x00,0x00}, {0x00,0x00,0x00} },
  {0x62e9, 0x00, { 0x00, 0x00, 0x00, 0x18, 0x1b, 0x19, 0x7e, 0x18, 0x18, 0x1b, 0x1c, 0x79, 0x18, 0x18, 0x1f, 0x18, 0x78, 0x00, 0x00 }, { 0x00, 0x00, 0x00, 0x00, 0xfc, 0x98, 0xf0, 0x60, 0xf8, 0x8e, 0x60, 0xf8, 0x60, 0x60, 0xfe, 0x60, 0x60, 0x00, 0x00 }, { 0x00, 0x00, 0x00 } },
  {0x6301, 0x00, { 0x00, 0x00, 0x00, 0x18, 0x18, 0x19, 0x7e, 0x18, 0x1b, 0x1e, 0x1c, 0x7b, 0x18, 0x19, 0x18, 0x18, 0x78, 0x00, 0x00 }, { 0x00, 0x00, 0x00, 0x60, 0x60, 0xfc, 0x60, 0x60, 0xfe, 0x18, 0x18, 0xfe, 0x18, 0x98, 0xd8, 0x18, 0x78, 0x00, 0x00 }, { 0x00, 0x00, 0x00 } },
  {0x6302, 0x00, { 0x00, 0x00, 0x00, 0x18, 0x18, 0x1b, 0x7e, 0x18, 0x1f, 0x18, 0x1c, 0x78, 0x1b, 0x18, 0x18, 0x18, 0x7f, 0x00, 0x00 }, { 0x00, 0x00, 0x00, 0x60, 0x60, 0xfc, 0x60, 0x60, 0xfe, 0x00, 0x60, 0x60, 0xfc, 0x60, 0x60, 0x60, 0xfe, 0x00, 0x00 }, { 0x00, 0x00, 0x00 } },
  {0x6307, 0x00, { 0x00, 0x00, 0x00, 0x19, 0x19, 0x19, 0x7f, 0x19, 0x18, 0x1e, 0x1d, 0x79, 0x19, 0x19, 0x19, 0x19, 0x79, 0x00, 0x00 }, { 0x00, 0x00, 0x00, 0x80, 0x9c, 0xf0, 0x86, 0x86, 0xfe, 0x00, 0xfc, 0x8c, 0x8c, 0xfc, 0x8c, 0x8c, 0xfc, 0x00, 0x00 }, { 0x00, 0x00, 0x00 } },
  {0x6309, 0x00, { 0x00, 0x00, 0x00, 0x18, 0x18, 0x1b, 0x7f, 0x1b, 0x18, 0x1b, 0x1c, 0x78, 0x19, 0x18, 0x18, 0x18, 0x7b, 0x00, 0x00 }, { 0x00, 0x00, 0x00, 0x60, 0x30, 0xfe, 0x06, 0x66, 0x60, 0xfe, 0xcc, 0xcc, 0xd8, 0x70, 0x78, 0xcc, 0x86, 0x00, 0x00 }, { 0x00, 0x00, 0x00 } },
  {0x6362, 0x00, { 0x00, 0x00, 0x00, 0x19, 0x19, 0x19, 0x7f, 0x1e, 0x1b, 0x1b, 0x1f, 0x7b, 0x1f, 0x18, 0x19, 0x1b, 0x7e, 0x00, 0x00 }, { 0x00, 0x00, 0x00, 0x80, 0x80, 0xf8, 0x18, 0x30, 0xfc, 0x6c, 0x6c, 0x6c, 0xfe, 0xf0, 0x98, 0x0c, 0x06, 0x00, 0x00 }, { 0x00, 0x00, 0x00 } },
  {0x636e, 0x00, { 0x00, 0x00, 0x00, 0x18, 0x1b, 0x1b, 0x7f, 0x1b, 0x1b, 0x1b, 0x1f, 0x7b, 0x1b, 0x1b, 0x1e, 0x1e, 0x7c, 0x00, 0x00 }, { 0x00, 0x00, 0x00, 0x00, 0xfc, 0x0c, 0x0c, 0xfc, 0x30, 0x30, 0xfe, 0x30, 0x30, 0xfc, 0xcc, 0xcc, 0xfc, 0x00, 0x00 }, { 0x00, 0x00, 0x00 } },
  {0x6389, 0x00, { 0x00,0x00,0x00,0x18,0x18,0x18,0x7e,0x1b,0x1b,0x1b,0x1f,0x7b,0x18,0x1f,0x18,0x18,0x78,0x00,0x00}, { 0x00,0x00,0x00,0x60,0x60,0x7e,0x60,0xfc,0x0c,0xfc,0x0c,0xfc,0x60,0xfe,0x60,0x60,0x60,0x00,0x00}, {0x00,0x00,0x00} },
  {0x6392, 0x00, { 0x00, 0x00, 0x00, 0x18, 0x18, 0x18, 0x7f, 0x18, 0x18, 0x1b, 0x1c, 0x78, 0x1b, 0x18, 0x18, 0x18, 0x78, 0x00, 0x00 }, { 0x00, 0x00, 0x00, 0xd8, 0xd8, 0xd8, 0xde, 0xd8, 0xd8, 0xde, 0xd8, 0xd8, 0xde, 0xd8, 0xd8, 0xd8, 0xd8, 0x00, 0x00 }, { 0x00, 0x00, 0x00 } },
  {0x63a5, 0x00, { 0x00, 0x00, 0x00, 0x18, 0x18, 0x1b, 0x7f, 0x18, 0x1f, 0x18, 0x1c, 0x7f, 0x19, 0x1b, 0x18, 0x19, 0x7f, 0x00, 0x00 }, { 0x00, 0x00, 0x00, 0xc0, 0x60, 0xfc, 0x98, 0xf0, 0xfe, 0xc0, 0xc0, 0xfe, 0x98, 0xb0, 0xe0, 0xb8, 0x0c, 0x00, 0x00 }, { 0x00, 0x00, 0x00 } },
  {0x63a7, 0x00, { 0x00, 0x00, 0x00, 0x18, 0x18, 0x1b, 0x7f, 0x18, 0x19, 0x1b, 0x1c, 0x79, 0x18, 0x18, 0x18, 0x18, 0x7b, 0x00, 0x00 }, { 0x00, 0x00, 0x00, 0xc0, 0x60, 0xfe, 0x06, 0xd8, 0x8c, 0x06, 0x00, 0xfc, 0x60, 0x60, 0x60, 0x60, 0xfe, 0x00, 0x00 }, { 0x00, 0x00, 0x00 } },
  {0x63a9, 0x00, { 0x00,0x00,0x00,0x18,0x18,0x1b,0x7f,0x1b,0x1e,0x1b,0x1f,0x7b,0x1b,0x1b,0x1b,0x18,0x78,0x00,0x00}, { 0x00,0x00,0x00,0x60,0x60,0xfe,0x98,0x6c,0x66,0xfc,0x6c,0xfc,0x6c,0xfc,0x66,0x66,0x3e,0x00,0x00}, {0x00,0x00,0x00} },
  { 0x63cf, 0x00, { 0x00,0x00,0x00,0x19,0x19,0x1b,0x7f,0x18,0x1b,0x1b,0x1f,0x7b,0x1b,0x1b,0x1b,0x1b,0x7b,0x00,0x00}, { 0x00,0x00,0x00,0x98,0x98,0xfe,0x98,0x00,0xfc,0x6c,0x6c,0xfc,0x6c,0x6c,0x6c,0xfc,0x0c,0x00,0x00}, {0x00,0x00,0x00} },
  {0x63d0, 0x00, { 0x00, 0x00, 0x00, 0x18, 0x19, 0x19, 0x7f, 0x19, 0x19, 0x1e, 0x1f, 0x78, 0x19, 0x19, 0x19, 0x1b, 0x7e, 0x00, 0x00 }, { 0x00, 0x00, 0x00, 0x00, 0xfc, 0x8c, 0xfc, 0x8c, 0xfc, 0x00, 0xfe, 0x30, 0xb0, 0xbc, 0xb0, 0xf0, 0x7e, 0x00, 0x00 }, { 0x00, 0x00, 0x00 } },
  {0x63d2, 0x00, { 0x00,0x00,0x00,0x18,0x1b,0x18,0x7e,0x1b,0x18,0x19,0x1f,0x7b,0x1b,0x1b,0x1b,0x1b,0x7b,0x00,0x00}, { 0x00,0x00,0x00,0x3c,0xe0,0x60,0x60,0xfe,0x60,0xfc,0x6c,0x6c,0xfc,0x6c,0x6c,0xfc,0x0c,0x00,0x00}, {0x00,0x00,0x00} },
  {0x641c, 0x00, { 0x00, 0x00, 0x00, 0x18, 0x18, 0x19, 0x7f, 0x19, 0x19, 0x1f, 0x1c, 0x79, 0x18, 0x18, 0x18, 0x18, 0x79, 0x00, 0x00 }, { 0x00, 0x00, 0x00, 0x30, 0xf0, 0xbe, 0xb6, 0xfe, 0xb6, 0xfe, 0x30, 0xfc, 0xcc, 0x78, 0x30, 0x78, 0xce, 0x00, 0x00 }, { 0x00, 0x00, 0x00 } },
  {0x64ad, 0x00, { 0x00, 0x00, 0x00, 0x18, 0x1f, 0x1b, 0x7d, 0x1b, 0x19, 0x1f, 0x3e, 0x7b, 0x1b, 0x1b, 0x1b, 0x1b, 0x7b, 0x00, 0x00 }, { 0x00, 0x00, 0x00, 0x3c, 0xe0, 0x6c, 0xf8, 0xfc, 0xf8, 0x6c, 0x06, 0xfc, 0x6c, 0xfc, 0x6c, 0xfc, 0x0c, 0x00, 0x00 }, { 0x00, 0x00, 0x00 } },
  {0x64cd, 0x00, { 0x00, 0x00, 0x00, 0x19, 0x19, 0x19, 0x7c, 0x1b, 0x1b, 0x1b, 0x1c, 0x78, 0x1f, 0x18, 0x19, 0x1f, 0x78, 0x00, 0x00 }, { 0x00, 0x00, 0x00, 0xf8, 0x98, 0xf8, 0x00, 0xfc, 0xfc, 0xfc, 0x00, 0x60, 0xfe, 0xf0, 0xf8, 0x6e, 0x60, 0x00, 0x00 }, { 0x00, 0x00, 0x00 } },
  {0x652f, 0x00, { 0x00, 0x00, 0x00, 0x01, 0x01, 0x7f, 0x01, 0x01, 0x3f, 0x0c, 0x0c, 0x06, 0x03, 0x01, 0x03, 0x0e, 0x78, 0x00, 0x00 }, { 0x00, 0x00, 0x00, 0x80, 0x80, 0xfe, 0x80, 0x80, 0xf8, 0x18, 0x30, 0x60, 0xc0, 0x80, 0xc0, 0x70, 0x1e, 0x00, 0x00 }, { 0x00, 0x00, 0x00 } },
  {0x6539, 0x00, { 0x00, 0x00, 0x00, 0x00, 0x00, 0x7e, 0x06, 0x07, 0x07, 0x3e, 0x30, 0x30, 0x30, 0x36, 0x3c, 0x38, 0x33, 0x00, 0x00 }, { 0x00, 0x00, 0x00, 0xc0, 0xc0, 0xc0, 0xfe, 0x8c, 0xcc, 0xcc, 0xcc, 0x78, 0x78, 0x30, 0x78, 0xcc, 0x86, 0x00, 0x00 }, { 0x00, 0x00, 0x00 } },
  {0x653e, 0x00, { 0x00, 0x00, 0x00, 0x18, 0x0c, 0x00, 0x7f, 0x18, 0x19, 0x1f, 0x1b, 0x1b, 0x1b, 0x1b, 0x33, 0x33, 0x6f, 0x00, 0x00 }, { 0x00, 0x00, 0x00, 0x60, 0x60, 0x60, 0x7e, 0xcc, 0xec, 0x6c, 0x6c, 0x78, 0x78, 0x30, 0x78, 0xcc, 0x86, 0x00, 0x00 }, { 0x00, 0x00, 0x00 } },
  {0x6548, 0x00, { 0x00, 0x00, 0x00, 0x18, 0x0c, 0x7f, 0x00, 0x1e, 0x33, 0x67, 0x36, 0x1e, 0x0c, 0x1e, 0x33, 0x63, 0x01, 0x00, 0x00 }, { 0x00, 0x00, 0x00, 0x60, 0x60, 0x60, 0x7e, 0xcc, 0xcc, 0xec, 0x78, 0x78, 0x30, 0x30, 0x78, 0xcc, 0x86, 0x00, 0x00 }, { 0x00, 0x00, 0x00 } },
  {0x6563, 0x00, { 0x00, 0x00, 0x00, 0x1e, 0x1e, 0x3f, 0x1e, 0x7f, 0x01, 0x3f, 0x33, 0x3f, 0x33, 0x3f, 0x33, 0x33, 0x37, 0x00, 0x00 }, { 0x00, 0x00, 0x00, 0x60, 0x60, 0x60, 0x7e, 0xcc, 0xec, 0x6c, 0x6c, 0x78, 0x78, 0x30, 0x78, 0xcc, 0x86, 0x00, 0x00 }, { 0x00, 0x00, 0x00 } },
  {0x6570, 0x00, { 0x00, 0x00, 0x00, 0x0c, 0x6d, 0x3f, 0x7f, 0x1e, 0x3f, 0x6d, 0x18, 0x7f, 0x1b, 0x3b, 0x0e, 0x1f, 0x71, 0x00, 0x00 }, { 0x00, 0x00, 0x00, 0x30, 0xb0, 0x30, 0xbe, 0x6c, 0x6c, 0xfc, 0x3c, 0x3c, 0x3c, 0x18, 0x18, 0x3c, 0xe6, 0x00, 0x00 }, { 0x00, 0x00, 0x00 } },
  {0x6574, 0x00, { 0x00,0x00,0x00,0x0c,0x7f,0x0c,0x3f,0x3f,0x3f,0x1e,0x3f,0x6c,0x3f,0x01,0x0d,0x0d,0x7f,0x00,0x00}, { 0x00,0x00,0x00,0x60,0xe0,0x7e,0xcc,0xf8,0x30,0x78,0xce,0x00,0xfc,0x80,0xf8,0x80,0xfe,0x00,0x00}, {0x00,0x00,0x00} },
  {0x6587, 0x00, { 0x00, 0x00, 0x00, 0x03, 0x01, 0x01, 0x7f, 0x0c, 0x0c, 0x06, 0x06, 0x03, 0x01, 0x03, 0x06, 0x1c, 0x70, 0x00, 0x00 }, { 0x00, 0x00, 0x00, 0x00, 0x80, 0x80, 0xfe, 0x30, 0x30, 0x60, 0x60, 0xc0, 0x80, 0xc0, 0x60, 0x38, 0x0e, 0x00, 0x00 }, { 0x00, 0x00, 0x00 } },
  {0x65b0, 0x00, { 0x00, 0x00, 0x00, 0x18, 0x0c, 0x7f, 0x33, 0x1e, 0x7f, 0x00, 0x0c, 0x7f, 0x0c, 0x3f, 0x6d, 0x0c, 0x3d, 0x00, 0x00 }, { 0x00, 0x00, 0x00, 0x0e, 0x78, 0xe0, 0x60, 0x60, 0xfe, 0x6c, 0x6c, 0xec, 0x6c, 0x6c, 0xec, 0xcc, 0x8c, 0x00, 0x00 }, { 0x00, 0x00, 0x00 } },
  {0x65b9, 0x00, { 0x00, 0x00, 0x00, 0x03, 0x01, 0x7f, 0x06, 0x06, 0x06, 0x07, 0x06, 0x06, 0x0c, 0x0c, 0x18, 0x30, 0x60, 0x00, 0x00 }, { 0x00, 0x00, 0x00, 0x00, 0x80, 0xfe, 0x00, 0x00, 0x00, 0xf8, 0x18, 0x18, 0x18, 0x18, 0x18, 0x18, 0x70, 0x00, 0x00 }, { 0x00, 0x00, 0x00 } },
  {0x65e0, 0x00, { 0x00, 0x00, 0x00, 0x00, 0x3f, 0x01, 0x01, 0x01, 0x01, 0x7f, 0x03, 0x03, 0x06, 0x0c, 0x18, 0x30, 0x60, 0x00, 0x00 }, { 0x00, 0x00, 0x00, 0x00, 0xfc, 0x80, 0x80, 0x80, 0x80, 0xfe, 0xc0, 0xc0, 0xc0, 0xc0, 0xc6, 0xc6, 0x7e, 0x00, 0x00 }, { 0x00, 0x00, 0x00 } },
  {0x65e5, 0x00, { 0x00, 0x00, 0x00, 0x3f, 0x30, 0x30, 0x30, 0x30, 0x30, 0x3f, 0x30, 0x30, 0x30, 0x30, 0x30, 0x3f, 0x30, 0x00, 0x00 }, { 0x00, 0x00, 0x00, 0xfc, 0x0c, 0x0c, 0x0c, 0x0c, 0x0c, 0xfc, 0x0c, 0x0c, 0x0c, 0x0c, 0x0c, 0xfc, 0x0c, 0x00, 0x00 }, { 0x00, 0x00, 0x00 } },
  {0x65f6, 0x00, { 0x00, 0x00, 0x00, 0x00, 0x00, 0x7c, 0x6f, 0x6c, 0x6c, 0x7d, 0x6c, 0x6c, 0x6c, 0x7c, 0x6c, 0x00, 0x00, 0x00, 0x00 }, { 0x00, 0x00, 0x00, 0x18, 0x18, 0x18, 0xfe, 0x18, 0x18, 0x98, 0xd8, 0xd8, 0x18, 0x18, 0x18, 0x18, 0x78, 0x00, 0x00 }, { 0x00, 0x00, 0x00 } },
  {0x660e, 0x00, { 0x00, 0x00, 0x00, 0x00, 0x7e, 0x66, 0x66, 0x66, 0x7e, 0x66, 0x66, 0x66, 0x7e, 0x61, 0x01, 0x03, 0x06, 0x00, 0x00 }, { 0x00, 0x00, 0x00, 0xfe, 0xc6, 0xc6, 0xc6, 0xfe, 0xc6, 0xc6, 0xc6, 0xfe, 0xc6, 0x86, 0x86, 0x06, 0x1e, 0x00, 0x00 }, { 0x00, 0x00, 0x00 } },
  {0x662f, 0x00, { 0x00, 0x00, 0x00, 0x1f, 0x18, 0x1f, 0x18, 0x1f, 0x00, 0x7f, 0x01, 0x19, 0x19, 0x19, 0x19, 0x3d, 0x67, 0x00, 0x00 }, { 0x00, 0x00, 0x00, 0xf8, 0x18, 0xf8, 0x18, 0xf8, 0x00, 0xfe, 0x80, 0x80, 0xf8, 0x80, 0x80, 0x80, 0xfe, 0x00, 0x00 }, { 0x00, 0x00, 0x00 } },
  {0x663e, 0x00, { 0x00, 0x00, 0x00, 0x1f, 0x18, 0x18, 0x1f, 0x18, 0x18, 0x1f, 0x06, 0x36, 0x1e, 0x1e, 0x06, 0x06, 0x7f, 0x00, 0x00 }, { 0x00, 0x00, 0x00, 0xf8, 0x18, 0x18, 0xf8, 0x18, 0x18, 0xf8, 0x60, 0x6c, 0x6c, 0x78, 0x60, 0x60, 0xfe, 0x00, 0x00 }, { 0x00, 0x00, 0x00 } },
  {0x6642, 0x00, { 0x00, 0x00, 0x00, 0x00, 0x00, 0x7d, 0x6c, 0x6c, 0x6f, 0x7c, 0x6c, 0x6f, 0x6c, 0x7d, 0x6c, 0x00, 0x00, 0x00, 0x00 }, { 0x00, 0x00, 0x00, 0x60, 0x60, 0xfc, 0x60, 0x60, 0xfe, 0x18, 0x18, 0xfe, 0x18, 0x98, 0xd8, 0x18, 0x78, 0x00, 0x00 }, { 0x00, 0x00, 0x00 } },
  {0x6670, 0x00, { 0x00, 0x00, 0x00, 0x01, 0x01, 0x7d, 0x6f, 0x6d, 0x6d, 0x7f, 0x6f, 0x6f, 0x6d, 0x7d, 0x6d, 0x01, 0x01, 0x00, 0x00 }, { 0x00, 0x00, 0x00, 0x8c, 0xb8, 0xb0, 0xf0, 0xb0, 0xbe, 0xfc, 0xfc, 0xbc, 0xbc, 0xbc, 0xbc, 0xbc, 0xec, 0x00, 0x00 }, { 0x00, 0x00, 0x00 } },
  {0x6682, 0x00, { 0x00, 0x00, 0x00, 0x18, 0x7f, 0x3c, 0x7f, 0x0c, 0x0f, 0x7d, 0x0f, 0x00, 0x1f, 0x18, 0x1f, 0x18, 0x1f, 0x00, 0x00 }, { 0x00, 0x00, 0x00, 0x0c, 0xf8, 0xc0, 0xfe, 0xd8, 0xd8, 0x98, 0x18, 0x00, 0xf8, 0x18, 0xf8, 0x18, 0xf8, 0x00, 0x00 }, { 0x00, 0x00, 0x00 } },
  {0x66f4, 0x00, { 0x00, 0x00, 0x00, 0x00, 0x7f, 0x01, 0x3f, 0x31, 0x3f, 0x31, 0x31, 0x3f, 0x19, 0x0f, 0x07, 0x1d, 0x70, 0x00, 0x00 }, { 0x00, 0x00, 0x00, 0x00, 0xfe, 0x80, 0xfc, 0x8c, 0xfc, 0x8c, 0x8c, 0xfc, 0x80, 0x00, 0x00, 0xe0, 0x3e, 0x00, 0x00 }, { 0x00, 0x00, 0x00 } },
  {0x66ff, 0x00, { 0x00, 0x00, 0x00, 0x0c, 0x3f, 0x0c, 0x7f, 0x1e, 0x33, 0x60, 0x1f, 0x18, 0x18, 0x1f, 0x18, 0x18, 0x1f, 0x00, 0x00 }, { 0x00, 0x00, 0x00, 0x30, 0xfc, 0x30, 0xfe, 0x78, 0xcc, 0x06, 0xf8, 0x18, 0x18, 0xf8, 0x18, 0x18, 0xf8, 0x00, 0x00 }, { 0x00, 0x00, 0x00 } },
  {0x6700, 0x00, { 0x00, 0x00, 0x00, 0x1f, 0x18, 0x1f, 0x18, 0x1f, 0x00, 0x7f, 0x33, 0x3f, 0x33, 0x3f, 0x37, 0x7f, 0x03, 0x00, 0x00 }, { 0x00, 0x00, 0x00, 0xf8, 0x18, 0xf8, 0x18, 0xf8, 0x00, 0xfe, 0x00, 0xfc, 0xcc, 0x78, 0xb0, 0x78, 0xce, 0x00, 0x00 }, { 0x00, 0x00, 0x00 } },
  {0x6708, 0x00, { 0x00,0x00,0x00,0x0f,0x0c,0x0c,0x0c,0x0f,0x0c,0x0c,0x0c,0x0f,0x0c,0x0c,0x18,0x18,0x30,0x00,0x00}, { 0x00,0x00,0x00,0xfc,0x0c,0x0c,0x0c,0xfc,0x0c,0x0c,0x0c,0xfc,0x0c,0x0c,0x0c,0x0c,0x3c,0x00,0x00}, {0x00,0x00,0x00} },
  {0x6709, 0x00, { 0x00, 0x00, 0x00, 0x03, 0x03, 0x7f, 0x06, 0x0f, 0x1c, 0x3c, 0x6f, 0x0c, 0x0c, 0x0f, 0x0c, 0x0c, 0x0c, 0x00, 0x00 }, { 0x00, 0x00, 0x00, 0x00, 0x00, 0xfe, 0x00, 0xf8, 0x18, 0x18, 0xf8, 0x18, 0x18, 0xf8, 0x18, 0x18, 0x78, 0x00, 0x00 }, { 0x00, 0x00, 0x00 } },
  {0x670d, 0x00, { 0x00,0x00,0x00,0x00,0x3f,0x37,0x37,0x37,0x3f,0x37,0x37,0x3f,0x37,0x37,0x37,0x37,0x6f,0x00,0x00}, { 0x00,0x00,0x00,0x00,0xfc,0x8c,0x8c,0xbc,0x80,0xfc,0xec,0xec,0xf8,0xb0,0xf8,0xcc,0x86,0x00,0x00}, {0x00,0x00,0x00} },
  {0x671f, 0x00, { 0x00, 0x00, 0x00, 0x33, 0x33, 0x7f, 0x33, 0x33, 0x3f, 0x33, 0x3f, 0x33, 0x33, 0x7f, 0x00, 0x33, 0x61, 0x00, 0x00 }, { 0x00, 0x00, 0x00, 0x00, 0x7e, 0xe6, 0x66, 0x66, 0x7e, 0x66, 0x66, 0x7e, 0x66, 0xe6, 0xc6, 0xc6, 0x9e, 0x00, 0x00 }, { 0x00, 0x00, 0x00 } },
  {0x672a, 0x00, { 0x00, 0x00, 0x00, 0x01, 0x01, 0x3f, 0x01, 0x01, 0x01, 0x7f, 0x03, 0x07, 0x0d, 0x19, 0x71, 0x01, 0x01, 0x00, 0x00 }, { 0x00, 0x00, 0x00, 0x80, 0x80, 0xfc, 0x80, 0x80, 0x80, 0xfe, 0xc0, 0xe0, 0xb0, 0x98, 0x8e, 0x80, 0x80, 0x00, 0x00 }, { 0x00, 0x00, 0x00 } },
  {0x672c, 0x00, { 0x00, 0x00, 0x00, 0x01, 0x01, 0x01, 0x7f, 0x03, 0x07, 0x07, 0x0d, 0x19, 0x31, 0x6f, 0x01, 0x01, 0x01, 0x00, 0x00 }, { 0x00, 0x00, 0x00, 0x80, 0x80, 0x80, 0xfe, 0xc0, 0xe0, 0xe0, 0xb0, 0x98, 0x8c, 0xf6, 0x80, 0x80, 0x80, 0x00, 0x00 }, { 0x00, 0x00, 0x00 } },
  {0x673a, 0x00, { 0x00, 0x00, 0x00, 0x18, 0x19, 0x19, 0x7f, 0x19, 0x19, 0x3d, 0x3f, 0x79, 0x19, 0x19, 0x1b, 0x1b, 0x1e, 0x00, 0x00 }, { 0x00, 0x00, 0x00, 0x00, 0xf8, 0x98, 0x98, 0x98, 0x98, 0x98, 0x98, 0x98, 0x98, 0x98, 0x1e, 0x1e, 0x0e, 0x00, 0x00 }, { 0x00, 0x00, 0x00 } },
  {0x6743, 0x00, { 0x00, 0x00, 0x00, 0x0c, 0x0d, 0x0c, 0x7f, 0x0c, 0x1c, 0x1e, 0x3f, 0x3f, 0x6c, 0x0c, 0x0c, 0x0c, 0x0d, 0x00, 0x00 }, { 0x00, 0x00, 0x00, 0x00, 0xfc, 0xcc, 0xcc, 0xcc, 0xcc, 0x78, 0x78, 0x78, 0x30, 0x30, 0x78, 0xcc, 0x86, 0x00, 0x00 }, { 0x00, 0x00, 0x00 } },
  {0x6761, 0x00, { 0x00, 0x00, 0x00, 0x0c, 0x0f, 0x1c, 0x36, 0x03, 0x0e, 0x79, 0x01, 0x3f, 0x01, 0x0d, 0x19, 0x31, 0x07, 0x00, 0x00 }, { 0x00, 0x00, 0x00, 0x00, 0xf8, 0x30, 0x60, 0xc0, 0x70, 0x9e, 0x80, 0xfc, 0x80, 0xb0, 0x98, 0x8c, 0x80, 0x00, 0x00 }, { 0x00, 0x00, 0x00 } },
  { 0x6765, 0x00, { 0x00,0x00,0x00,0x01,0x01,0x3f,0x01,0x19,0x0d,0x01,0x7f,0x03,0x07,0x0d,0x19,0x71,0x01,0x00,0x00}, { 0x00,0x00,0x00,0x80,0x80,0xfc,0x80,0x98,0xb0,0x80,0xfe,0xc0,0xe0,0xb0,0x98,0x8e,0x80,0x00,0x00}, {0x00,0x00,0x00} },
  {0x677f, 0x00, { 0x00, 0x00, 0x00, 0x18, 0x18, 0x1b, 0x7f, 0x1b, 0x1b, 0x3f, 0x3f, 0x7b, 0x1b, 0x1b, 0x1e, 0x1e, 0x1d, 0x00, 0x00 }, { 0x00, 0x00, 0x00, 0x00, 0x1e, 0xf0, 0x00, 0x00, 0xfc, 0xcc, 0xcc, 0xcc, 0x78, 0x78, 0x30, 0x78, 0xce, 0x00, 0x00 }, { 0x00, 0x00, 0x00 } },
  {0x6784, 0x00, { 0x00, 0x00, 0x00, 0x18, 0x18, 0x18, 0x7f, 0x1b, 0x18, 0x3c, 0x3e, 0x78, 0x19, 0x18, 0x18, 0x18, 0x18, 0x00, 0x00 }, { 0x00, 0x00, 0x00, 0xc0, 0xc0, 0xfe, 0x86, 0x06, 0x66, 0x66, 0xc6, 0xf6, 0xfe, 0x1e, 0x06, 0x06, 0x1c, 0x00, 0x00 }, { 0x00, 0x00, 0x00 } },
  {0x679c, 0x00, { 0x00, 0x00, 0x00, 0x1f, 0x19, 0x19, 0x1f, 0x19, 0x19, 0x1f, 0x01, 0x7f, 0x07, 0x0d, 0x19, 0x71, 0x01, 0x00, 0x00 }, { 0x00, 0x00, 0x00, 0xf8, 0x98, 0x98, 0xf8, 0x98, 0x98, 0xf8, 0x80, 0xfe, 0xe0, 0xb0, 0x98, 0x8e, 0x80, 0x00, 0x00 }, { 0x00, 0x00, 0x00 } },
  {0x67b6, 0x00, { 0x00, 0x00, 0x00, 0x18, 0x7f, 0x1b, 0x1b, 0x33, 0x33, 0x6e, 0x01, 0x7f, 0x07, 0x0d, 0x19, 0x71, 0x01, 0x00, 0x00 }, { 0x00, 0x00, 0x00, 0x00, 0xfc, 0xcc, 0xcc, 0xcc, 0xfc, 0x00, 0x80, 0xfe, 0xe0, 0xb0, 0x98, 0x8e, 0x80, 0x00, 0x00 }, { 0x00, 0x00, 0x00 } },
  {0x67d0, 0x00, { 0x00, 0x00, 0x00, 0x0c, 0x0c, 0x7f, 0x0c, 0x0f, 0x0c, 0x0f, 0x01, 0x7f, 0x07, 0x0d, 0x19, 0x71, 0x01, 0x00, 0x00 }, { 0x00, 0x00, 0x00, 0x30, 0x30, 0xfe, 0x30, 0xf0, 0x30, 0xf0, 0x80, 0xfe, 0xe0, 0xb0, 0x98, 0x8e, 0x80, 0x00, 0x00 }, { 0x00, 0x00, 0x00 } },
  {0x67e5, 0x00, { 0x00, 0x00, 0x00, 0x01, 0x01, 0x7f, 0x07, 0x0d, 0x19, 0x70, 0x1f, 0x18, 0x1f, 0x18, 0x1f, 0x00, 0x7f, 0x00, 0x00 }, { 0x00, 0x00, 0x00, 0x80, 0x80, 0xfe, 0xe0, 0xb0, 0x98, 0x0e, 0xf8, 0x18, 0xf8, 0x18, 0xf8, 0x00, 0xfe, 0x00, 0x00 }, { 0x00, 0x00, 0x00 } },
  {0x6807, 0x00, { 0x00, 0x00, 0x00, 0x18, 0x1b, 0x18, 0x7e, 0x18, 0x1f, 0x3c, 0x3f, 0x79, 0x1b, 0x1b, 0x1e, 0x18, 0x19, 0x00, 0x00 }, { 0x00, 0x00, 0x00, 0x00, 0xfc, 0x00, 0x00, 0x00, 0xfe, 0x60, 0xf8, 0xec, 0x6c, 0x66, 0x66, 0x60, 0xe0, 0x00, 0x00 }, { 0x00, 0x00, 0x00 } },
  {0x6821, 0x00, { 0x00, 0x00, 0x00, 0x0c, 0x0c, 0x0d, 0x7f, 0x0c, 0x1c, 0x1f, 0x3f, 0x3c, 0x6c, 0x0c, 0x0c, 0x0c, 0x0d, 0x00, 0x00 }, { 0x00, 0x00, 0x00, 0x60, 0x30, 0xfe, 0x00, 0x78, 0xcc, 0x86, 0xcc, 0xcc, 0x78, 0x30, 0x78, 0xcc, 0x86, 0x00, 0x00 }, { 0x00, 0x00, 0x00 } },
  {0x6838, 0x00, { 0x00, 0x00, 0x00, 0x18, 0x18, 0x1b, 0x7c, 0x18, 0x19, 0x3f, 0x3e, 0x78, 0x19, 0x1b, 0x18, 0x18, 0x1b, 0x00, 0x00 }, { 0x00, 0x00, 0x00, 0xc0, 0x60, 0xfe, 0x60, 0xd8, 0x98, 0xf0, 0x6c, 0xcc, 0x98, 0x30, 0x78, 0xcc, 0x8c, 0x00, 0x00 }, { 0x00, 0x00, 0x00 } },
  {0x6839, 0x00, { 0x00, 0x00, 0x00, 0x18, 0x19, 0x19, 0x7f, 0x19, 0x19, 0x3d, 0x3f, 0x79, 0x19, 0x19, 0x19, 0x19, 0x19, 0x00, 0x00 }, { 0x00, 0x00, 0x00, 0x00, 0xfc, 0x8c, 0x8c, 0xfc, 0x8c, 0x8c, 0xfc, 0xb6, 0xbc, 0x98, 0xf8, 0xcc, 0x86, 0x00, 0x00 }, { 0x00, 0x00, 0x00 } },
  {0x683c, 0x00, { 0x00, 0x00, 0x00, 0x18, 0x18, 0x18, 0x7f, 0x1b, 0x18, 0x3c, 0x3f, 0x7b, 0x19, 0x19, 0x19, 0x19, 0x19, 0x00, 0x00 }, { 0x00, 0x00, 0x00, 0xc0, 0xc0, 0xf8, 0x98, 0xf0, 0x60, 0xf0, 0x98, 0x0e, 0xf8, 0x98, 0x98, 0xf8, 0x98, 0x00, 0x00 }, { 0x00, 0x00, 0x00 } },
  {0x6848, 0x00, { 0x00, 0x00, 0x00, 0x01, 0x3f, 0x33, 0x03, 0x7f, 0x0e, 0x03, 0x3e, 0x01, 0x7f, 0x07, 0x1d, 0x71, 0x01, 0x00, 0x00 }, { 0x00, 0x00, 0x00, 0x80, 0xfc, 0x0c, 0x00, 0xfe, 0x60, 0xc0, 0x78, 0x80, 0xfe, 0xe0, 0xb8, 0x8e, 0x80, 0x00, 0x00 }, { 0x00, 0x00, 0x00 } },
  {0x6865, 0x00, { 0x00, 0x00, 0x00, 0x18, 0x19, 0x18, 0x7e, 0x1b, 0x18, 0x3d, 0x3f, 0x78, 0x18, 0x18, 0x18, 0x19, 0x1b, 0x00, 0x00 }, { 0x00, 0x00, 0x00, 0x3c, 0xe0, 0x60, 0x60, 0xfe, 0xd8, 0x8c, 0x06, 0xd8, 0xd8, 0xd8, 0xd8, 0x98, 0x18, 0x00, 0x00 }, { 0x00, 0x00, 0x00 } },
  {0x68c0, 0x00, { 0x00, 0x00, 0x00, 0x18, 0x18, 0x18, 0x7d, 0x1b, 0x1f, 0x3c, 0x3e, 0x78, 0x1b, 0x19, 0x19, 0x18, 0x1f, 0x00, 0x00 }, { 0x00, 0x00, 0x00, 0x60, 0x60, 0xf0, 0x98, 0x0c, 0xfe, 0x00, 0xcc, 0x6c, 0x6c, 0x98, 0x98, 0x30, 0xfe, 0x00, 0x00 }, { 0x00, 0x00, 0x00 } },
  {0x6982, 0x00, { 0x00, 0x00, 0x00, 0x18, 0x1f, 0x1f, 0x7f, 0x1f, 0x1f, 0x3f, 0x3f, 0x7f, 0x1f, 0x1f, 0x1f, 0x1e, 0x19, 0x00, 0x00 }, { 0x00, 0x00, 0x00, 0x00, 0xfe, 0x98, 0x98, 0xf8, 0xf8, 0xfe, 0xb0, 0x30, 0xb8, 0xf8, 0xf8, 0xde, 0x8e, 0x00, 0x00 }, { 0x00, 0x00, 0x00 } },
  {0x6b8a, 0x00, { 0x00,0x00,0x00,0x00,0x7d,0x31,0x31,0x3f,0x3c,0x3c,0x7f,0x0c,0x0d,0x19,0x1b,0x36,0x60,0x00,0x00}, { 0x00,0x00,0x00,0x60,0xe0,0xe0,0xfc,0x60,0x60,0x60,0xfe,0xf0,0xf8,0xf8,0x6c,0x66,0x60,0x00,0x00}, {0x00,0x00,0x00} },
  {0x69fd, 0x00, { 0x00, 0x00, 0x00, 0x18, 0x1b, 0x18, 0x7f, 0x1b, 0x1b, 0x3f, 0x3f, 0x78, 0x19, 0x19, 0x19, 0x19, 0x19, 0x00, 0x00 }, { 0x00, 0x00, 0x00, 0xd8, 0xfe, 0xd8, 0xfe, 0xde, 0xfe, 0xde, 0xfe, 0x00, 0xfc, 0x8c, 0xfc, 0x8c, 0xfc, 0x00, 0x00 }, { 0x00, 0x00, 0x00 } },
  {0x6a21, 0x00, { 0x00, 0x00, 0x00, 0x19, 0x19, 0x1b, 0x7d, 0x1b, 0x1b, 0x3f, 0x3f, 0x7b, 0x18, 0x1f, 0x18, 0x19, 0x1f, 0x00, 0x00 }, { 0x00, 0x00, 0x00, 0x98, 0x98, 0xfe, 0x98, 0xfc, 0x0c, 0xfc, 0x0c, 0xfc, 0x60, 0xfe, 0xf0, 0x98, 0x0e, 0x00, 0x00 }, { 0x00, 0x00, 0x00 } },
  {0x6b21, 0x00, { 0x00, 0x00, 0x00, 0x01, 0x31, 0x19, 0x19, 0x03, 0x03, 0x06, 0x18, 0x18, 0x30, 0x30, 0x61, 0x63, 0x06, 0x00, 0x00 }, { 0x00, 0x00, 0x00, 0x80, 0x80, 0x80, 0xfe, 0x06, 0x0c, 0x60, 0x60, 0x60, 0xf0, 0xf0, 0x98, 0x0c, 0x06, 0x00, 0x00 }, { 0x00, 0x00, 0x00 } },
  {0x6b62, 0x00, { 0x00, 0x00, 0x00, 0x00, 0x00, 0x00, 0x0c, 0x0c, 0x0c, 0x0c, 0x0c, 0x0c, 0x0c, 0x0c, 0x0c, 0x0c, 0x7f, 0x00, 0x00 }, { 0x00, 0x00, 0x00, 0xc0, 0xc0, 0xc0, 0xc0, 0xc0, 0xfc, 0xc0, 0xc0, 0xc0, 0xc0, 0xc0, 0xc0, 0xc0, 0xfe, 0x00, 0x00 }, { 0x00, 0x00, 0x00 } },
  {0x6b63, 0x00, { 0x00, 0x00, 0x00, 0x00, 0x3f, 0x01, 0x01, 0x01, 0x19, 0x19, 0x19, 0x19, 0x19, 0x19, 0x19, 0x19, 0x7f, 0x00, 0x00 }, { 0x00, 0x00, 0x00, 0x00, 0xfc, 0x80, 0x80, 0x80, 0x80, 0x80, 0xf8, 0x80, 0x80, 0x80, 0x80, 0x80, 0xfe, 0x00, 0x00 }, { 0x00, 0x00, 0x00 } },
  {0x6b64, 0x00, { 0x00, 0x00, 0x00, 0x06, 0x06, 0x06, 0x36, 0x36, 0x37, 0x36, 0x36, 0x36, 0x36, 0x36, 0x37, 0x7c, 0x00, 0x00, 0x00 }, { 0x00, 0x00, 0x00, 0x60, 0x60, 0x60, 0x6c, 0x6c, 0xf8, 0x70, 0x60, 0x60, 0x60, 0x60, 0xe6, 0x66, 0x3e, 0x00, 0x00 }, { 0x00, 0x00, 0x00 } },
  {0x6bcd, 0x00, { 0x00, 0x00, 0x00, 0x00, 0x0f, 0x0d, 0x0c, 0x0c, 0x7f, 0x18, 0x1b, 0x19, 0x18, 0x1f, 0x00, 0x00, 0x00, 0x00, 0x00 }, { 0x00, 0x00, 0x00, 0x00, 0xf8, 0x98, 0xd8, 0x18, 0xfe, 0x18, 0x18, 0x98, 0x18, 0xfe, 0x18, 0x18, 0x70, 0x00, 0x00 }, { 0x00, 0x00, 0x00 } },
  {0x6bd4, 0x00, { 0x00,0x00,0x00,0x00,0x30,0x30,0x30,0x30,0x3f,0x30,0x30,0x30,0x30,0x36,0x3c,0x38,0x30,0x00,0x00}, { 0x00,0x00,0x00,0xc0,0xc0,0xc0,0xcc,0xd8,0xf0,0xe0,0xc0,0xc0,0xc0,0xc0,0xc6,0xc6,0x7e,0x00,0x00}, {0x00,0x00,0x00} },
  {0x6ca1, 0x00, { 0x00, 0x00, 0x00, 0x00, 0x31, 0x19, 0x0d, 0x01, 0x63, 0x36, 0x0f, 0x0d, 0x19, 0x18, 0x30, 0x31, 0x07, 0x00, 0x00 }, { 0x00, 0x00, 0x00, 0x00, 0xf8, 0x98, 0x98, 0x98, 0x0e, 0x00, 0xfc, 0x8c, 0x98, 0xf0, 0x60, 0xf8, 0x0e, 0x00, 0x00 }, { 0x00, 0x00, 0x00 } },
  {0x6cd5, 0x00, { 0x00, 0x00, 0x00, 0x00, 0x30, 0x18, 0x03, 0x60, 0x30, 0x00, 0x1f, 0x18, 0x30, 0x31, 0x63, 0x67, 0x00, 0x00, 0x00 }, { 0x00, 0x00, 0x00, 0x60, 0x60, 0x60, 0xfc, 0x60, 0x60, 0x60, 0xfe, 0xc0, 0xc0, 0x98, 0x0c, 0xfe, 0x06, 0x00, 0x00 }, { 0x00, 0x00, 0x00 } },
  {0x6ce8, 0x00, { 0x00,0x00,0x00,0x00,0x30,0x18,0x0f,0x00,0x60,0x30,0x00,0x0f,0x0c,0x18,0x18,0x30,0x37,0x00,0x00}, { 0x00,0x00,0x00,0xc0,0x60,0x00,0xfc,0x60,0x60,0x60,0x60,0xfc,0x60,0x60,0x60,0x60,0xfe,0x00,0x00}, {0x00,0x00,0x00} },
  {0x6d41, 0x00, { 0x00, 0x00, 0x00, 0x00, 0x30, 0x1b, 0x0c, 0x00, 0x61, 0x33, 0x0c, 0x0d, 0x19, 0x19, 0x31, 0x33, 0x06, 0x00, 0x00 }, { 0x00, 0x00, 0x00, 0x60, 0x30, 0xfe, 0x60, 0xd8, 0x8c, 0xfe, 0x06, 0xf8, 0xf8, 0xf8, 0xf8, 0x7e, 0x0e, 0x00, 0x00 }, { 0x00, 0x00, 0x00 } },
  {0x6d4b, 0x00, { 0x00, 0x00, 0x00, 0x00, 0x37, 0x1e, 0x07, 0x67, 0x37, 0x07, 0x1f, 0x1f, 0x31, 0x33, 0x63, 0x66, 0x0c, 0x00, 0x00 }, { 0x00, 0x00, 0x00, 0x06, 0xe6, 0x66, 0xfe, 0xfe, 0xfe, 0xfe, 0xfe, 0xfe, 0x9e, 0xc6, 0x66, 0x66, 0x1e, 0x00, 0x00 }, { 0x00, 0x00, 0x00 } },
  {0x6d4f, 0x00, { 0x00,0x00,0x00,0x06,0x63,0x33,0x0f,0x61,0x31,0x0d,0x07,0x33,0x33,0x67,0x67,0x6c,0x18,0x00,0x00}, { 0x00,0x00,0x00,0x0c,0x0c,0x0c,0xfc,0xbc,0xbc,0xbc,0xbc,0x3c,0x3c,0x8c,0x8c,0xcc,0xfc,0x00,0x00}, {0x00,0x00,0x00} },
  {0x6d6a, 0x00, { 0x00, 0x00, 0x00, 0x00, 0x30, 0x1b, 0x0f, 0x03, 0x63, 0x33, 0x0f, 0x0f, 0x1b, 0x1b, 0x33, 0x33, 0x03, 0x00, 0x00 }, { 0x00, 0x00, 0x00, 0xc0, 0x60, 0xfc, 0x0c, 0x0c, 0xfc, 0x0c, 0x0c, 0xfc, 0x66, 0x3c, 0xd8, 0x8c, 0x06, 0x00, 0x00 }, { 0x00, 0x00, 0x00 } },
  {0x6d88, 0x00, { 0x00, 0x00, 0x00, 0x00, 0x33, 0x19, 0x0c, 0x03, 0x63, 0x33, 0x0f, 0x0f, 0x1b, 0x1b, 0x33, 0x33, 0x03, 0x00, 0x00 }, { 0x00, 0x00, 0x00, 0x60, 0x6c, 0xf8, 0x60, 0xfc, 0x0c, 0x0c, 0xfc, 0x0c, 0x0c, 0xfc, 0x0c, 0x0c, 0x3c, 0x00, 0x00 }, { 0x00, 0x00, 0x00 } },
  {0x6dfb, 0x00, { 0x00,0x00,0x00,0x00,0x33,0x18,0x00,0x67,0x30,0x01,0x1b,0x1e,0x33,0x33,0x66,0x60,0x01,0x00,0x00}, { 0x00,0x00,0x00,0x00,0xfc,0x60,0x60,0xfe,0xf0,0x98,0x6e,0x60,0x7c,0x7e,0x7e,0x60,0xe0,0x00,0x00}, {0x00,0x00,0x00} },
  {0x6e05, 0x00, { 0x00, 0x00, 0x00, 0x00, 0x33, 0x18, 0x0f, 0x00, 0x67, 0x30, 0x0f, 0x0f, 0x1b, 0x1b, 0x33, 0x33, 0x03, 0x00, 0x00 }, { 0x00, 0x00, 0x00, 0x60, 0xfc, 0x60, 0xfc, 0x60, 0xfe, 0x00, 0xfc, 0x0c, 0xfc, 0x0c, 0xfc, 0x0c, 0x3c, 0x00, 0x00 }, { 0x00, 0x00, 0x00 } },
  {0x6e29, 0x00, { 0x00, 0x00, 0x00, 0x03, 0x33, 0x1b, 0x03, 0x63, 0x33, 0x03, 0x18, 0x1f, 0x37, 0x37, 0x67, 0x67, 0x0f, 0x00, 0x00 }, { 0x00, 0x00, 0x00, 0xf8, 0x18, 0x18, 0xf8, 0x18, 0x18, 0xf8, 0x00, 0xfc, 0xbc, 0xbc, 0xbc, 0xbc, 0xfe, 0x00, 0x00 }, { 0x00, 0x00, 0x00 } },
  {0x6e90, 0x00, { 0x00,0x00,0x00,0x00,0x33,0x1b,0x0f,0x03,0x63,0x33,0x0f,0x0f,0x1b,0x1b,0x36,0x37,0x0c,0x00,0x00}, { 0x00,0x00,0x00,0x00,0xfe,0x30,0x60,0xfc,0xcc,0xfc,0xcc,0xfc,0x30,0xfc,0xf6,0xb6,0x70,0x00,0x00}, {0x00,0x00,0x00} },
  {0x6f6e, 0x00, { 0x00, 0x00, 0x00, 0x01, 0x31, 0x1f, 0x01, 0x67, 0x36, 0x07, 0x1e, 0x1f, 0x31, 0x3f, 0x61, 0x61, 0x01, 0x00, 0x00 }, { 0x00, 0x00, 0x00, 0x80, 0x9e, 0xfe, 0x9e, 0xfe, 0x7e, 0xfe, 0x7e, 0xfe, 0x9e, 0xfe, 0x9e, 0x9e, 0xbe, 0x00, 0x00 }, { 0x00, 0x00, 0x00 } },
  {0x706f, 0x00, { 0x00, 0x00, 0x00, 0x0c, 0x0d, 0x0c, 0x3f, 0x3f, 0x3e, 0x6c, 0x0c, 0x0c, 0x0c, 0x1e, 0x1b, 0x33, 0x60, 0x00, 0x00 }, { 0x00, 0x00, 0x00, 0x00, 0xfe, 0x18, 0x18, 0x18, 0x18, 0x18, 0x18, 0x18, 0x18, 0x18, 0x18, 0x18, 0x78, 0x00, 0x00 }, { 0x00, 0x00, 0x00 } },
  {0x70c1, 0x00, { 0x00,0x00,0x00,0x18,0x18,0x1f,0x7d,0x79,0x79,0x79,0x18,0x18,0x19,0x3d,0x3f,0x30,0x60,0x00,0x00}, { 0x00,0x00,0x00,0x00,0x3c,0xe0,0x80,0xb0,0xb0,0xfe,0x30,0x30,0xbc,0xb6,0x36,0x30,0xf0,0x00,0x00}, {0x00,0x00,0x00} },
  {0x70ed, 0x00, { 0x00, 0x00, 0x00, 0x0c, 0x0c, 0x3f, 0x0c, 0x0e, 0x3d, 0x0c, 0x0c, 0x0d, 0x3f, 0x00, 0x36, 0x33, 0x63, 0x00, 0x00 }, { 0x00, 0x00, 0x00, 0x60, 0x60, 0xf8, 0x78, 0x78, 0xf8, 0xde, 0xfe, 0xee, 0x06, 0x00, 0xcc, 0x66, 0x66, 0x00, 0x00 }, { 0x00, 0x00, 0x00 } },
  {0x7121, 0x00, { 0x00, 0x00, 0x00, 0x0c, 0x0c, 0x1f, 0x3f, 0x6f, 0x0f, 0x3f, 0x0f, 0x0f, 0x7f, 0x00, 0x36, 0x33, 0x63, 0x00, 0x00 }, { 0x00, 0x00, 0x00, 0x00, 0x00, 0xfc, 0xf0, 0xf0, 0xf0, 0xfc, 0xf0, 0xf0, 0xfe, 0x00, 0xcc, 0x66, 0x66, 0x00, 0x00 }, { 0x00, 0x00, 0x00 } },
  {0x7167, 0x00, { 0x00,0x00,0x00,0x3f,0x36,0x36,0x36,0x3f,0x36,0x37,0x37,0x37,0x3f,0x00,0x36,0x33,0x63,0x00,0x00}, { 0x00,0x00,0x00,0xfc,0xcc,0xcc,0xcc,0xb8,0x00,0xfc,0x8c,0x8c,0xfc,0x00,0xcc,0x66,0x66,0x00,0x00}, {0x00,0x00,0x00} },
  {0x7247, 0x00, { 0x00, 0x00, 0x00, 0x00, 0x18, 0x18, 0x18, 0x1f, 0x18, 0x18, 0x18, 0x1f, 0x18, 0x18, 0x18, 0x30, 0x60, 0x00, 0x00 }, { 0x00, 0x00, 0x00, 0x60, 0x60, 0x60, 0x60, 0xfc, 0x00, 0x00, 0x00, 0xf0, 0x30, 0x30, 0x30, 0x30, 0x30, 0x00, 0x00 }, { 0x00, 0x00, 0x00 } },
  {0x7248, 0x00, { 0x00, 0x00, 0x00, 0x06, 0x36, 0x36, 0x36, 0x3f, 0x30, 0x30, 0x3e, 0x36, 0x36, 0x36, 0x36, 0x37, 0x67, 0x00, 0x00 }, { 0x00, 0x00, 0x00, 0x00, 0x0e, 0xf8, 0xc0, 0xc0, 0xfc, 0xfc, 0xfc, 0xfc, 0xfc, 0xd8, 0xd8, 0xbc, 0x66, 0x00, 0x00 }, { 0x00, 0x00, 0x00 } },
  {0x7269, 0x00, { 0x00, 0x00, 0x00, 0x0c, 0x0c, 0x3c, 0x3d, 0x3f, 0x3c, 0x6c, 0x0e, 0x1d, 0x7f, 0x0c, 0x0c, 0x0d, 0x0c, 0x00, 0x00 }, { 0x00, 0x00, 0x00, 0xc0, 0xc0, 0xfe, 0xfe, 0x7e, 0x7e, 0xde, 0xde, 0xb6, 0x36, 0x66, 0xc6, 0x86, 0x1c, 0x00, 0x00 }, { 0x00, 0x00, 0x00 } },
  {0x7279, 0x00, { 0x00, 0x00, 0x00, 0x0c, 0x0c, 0x3d, 0x3c, 0x3e, 0x3f, 0x6c, 0x0e, 0x1f, 0x7c, 0x0d, 0x0c, 0x0c, 0x0c, 0x00, 0x00 }, { 0x00, 0x00, 0x00, 0x60, 0x60, 0xfc, 0x60, 0x60, 0xfe, 0x18, 0x18, 0xfe, 0x18, 0x98, 0xd8, 0x18, 0x78, 0x00, 0x00 }, { 0x00, 0x00, 0x00 } },
  {0x72b6, 0x00, { 0x00, 0x00, 0x00, 0x0c, 0x0c, 0x6c, 0x3c, 0x3f, 0x0c, 0x0c, 0x1c, 0x3c, 0x6c, 0x0d, 0x0d, 0x0f, 0x0e, 0x00, 0x00 }, { 0x00, 0x00, 0x00, 0x60, 0x78, 0x6c, 0x60, 0xfe, 0x60, 0x60, 0xf0, 0xf0, 0xf0, 0x98, 0x98, 0x0c, 0x06, 0x00, 0x00 }, { 0x00, 0x00, 0x00 } },
  {0x72d7, 0x00, { 0x00,0x00,0x00,0x0c,0x6c,0x3c,0x19,0x3f,0x6d,0x0d,0x1d,0x3d,0x6d,0x0d,0x0d,0x0c,0x38,0x00,0x00}, { 0x00,0x00,0x00,0xc0,0xc0,0xfe,0x86,0x06,0xf6,0xb6,0xb6,0xb6,0xb6,0xf6,0x86,0x06,0x1c,0x00,0x00}, {0x00,0x00,0x00} },
  {0x7387, 0x00, { 0x00, 0x00, 0x00, 0x03, 0x01, 0x3f, 0x01, 0x63, 0x37, 0x19, 0x33, 0x67, 0x01, 0x7f, 0x01, 0x01, 0x01, 0x00, 0x00 }, { 0x00, 0x00, 0x00, 0x00, 0x80, 0xfc, 0x80, 0x66, 0xcc, 0x98, 0x6c, 0xf6, 0xb0, 0xfe, 0x80, 0x80, 0x80, 0x00, 0x00 }, { 0x00, 0x00, 0x00 } },
  {0x73b0, 0x00, { 0x00, 0x00, 0x00, 0x00, 0x03, 0x7f, 0x1b, 0x1b, 0x1b, 0x7f, 0x1b, 0x1b, 0x18, 0x1c, 0x71, 0x03, 0x06, 0x00, 0x00 }, { 0x00, 0x00, 0x00, 0x00, 0xfc, 0x0c, 0x6c, 0x6c, 0x6c, 0x6c, 0x6c, 0x6c, 0xf0, 0xf0, 0xb6, 0x36, 0x1e, 0x00, 0x00 }, { 0x00, 0x00, 0x00 } },
  {0x73fe, 0x00, { 0x00, 0x00, 0x00, 0x00, 0x03, 0x7f, 0x1b, 0x1b, 0x1b, 0x7f, 0x1b, 0x1b, 0x1b, 0x1c, 0x70, 0x01, 0x07, 0x00, 0x00 }, { 0x00, 0x00, 0x00, 0x00, 0xfc, 0x0c, 0x0c, 0xfc, 0x0c, 0xfc, 0x0c, 0x0c, 0xfc, 0xf0, 0xf0, 0xb6, 0x1e, 0x00, 0x00 }, { 0x00, 0x00, 0x00 } },
  {0x7406, 0x00, { 0x00, 0x00, 0x00, 0x00, 0x03, 0x7f, 0x1b, 0x1b, 0x1b, 0x7f, 0x1b, 0x18, 0x18, 0x1f, 0x70, 0x00, 0x07, 0x00, 0x00 }, { 0x00, 0x00, 0x00, 0x00, 0xfc, 0x6c, 0x6c, 0xfc, 0x6c, 0x6c, 0xfc, 0x60, 0x60, 0xfc, 0x60, 0x60, 0xfe, 0x00, 0x00 }, { 0x00, 0x00, 0x00 } },
  {0x751f, 0x00, { 0x00, 0x00, 0x00, 0x01, 0x19, 0x19, 0x1f, 0x31, 0x31, 0x61, 0x01, 0x1f, 0x01, 0x01, 0x01, 0x01, 0x7f, 0x00, 0x00 }, { 0x00, 0x00, 0x00, 0x80, 0x80, 0x80, 0xfc, 0x80, 0x80, 0x80, 0x80, 0xf8, 0x80, 0x80, 0x80, 0x80, 0xfe, 0x00, 0x00 }, { 0x00, 0x00, 0x00 } },
  {0x7528, 0x00, { 0x00, 0x00, 0x00, 0x00, 0x1f, 0x18, 0x18, 0x18, 0x1f, 0x18, 0x18, 0x1f, 0x18, 0x18, 0x30, 0x30, 0x60, 0x00, 0x00 }, { 0x00, 0x00, 0x00, 0x00, 0xfe, 0xc6, 0xc6, 0xc6, 0xfe, 0xc6, 0xc6, 0xfe, 0xc6, 0xc6, 0xc6, 0xc6, 0x1e, 0x00, 0x00 }, { 0x00, 0x00, 0x00 } },
  {0x7531, 0x00, { 0x00, 0x00, 0x00, 0x01, 0x01, 0x01, 0x3f, 0x31, 0x31, 0x31, 0x31, 0x3f, 0x31, 0x31, 0x31, 0x31, 0x3f, 0x00, 0x00 }, { 0x00, 0x00, 0x00, 0x80, 0x80, 0x80, 0xfc, 0x8c, 0x8c, 0x8c, 0x8c, 0xfc, 0x8c, 0x8c, 0x8c, 0x8c, 0xfc, 0x00, 0x00 }, { 0x00, 0x00, 0x00 } },
  {0x7535, 0x00, { 0x00, 0x00, 0x00, 0x01, 0x01, 0x01, 0x3f, 0x31, 0x31, 0x3f, 0x31, 0x31, 0x3f, 0x31, 0x01, 0x01, 0x00, 0x00, 0x00 }, { 0x00, 0x00, 0x00, 0x80, 0x80, 0x80, 0xfc, 0x8c, 0x8c, 0xfc, 0x8c, 0x8c, 0xfc, 0x80, 0x86, 0x86, 0xfe, 0x00, 0x00 }, { 0x00, 0x00, 0x00 } },
  {0x754c, 0x00, { 0x00, 0x00, 0x00, 0x3f, 0x31, 0x3f, 0x31, 0x3f, 0x03, 0x06, 0x1c, 0x70, 0x0c, 0x0c, 0x0c, 0x18, 0x30, 0x00, 0x00 }, { 0x00, 0x00, 0x00, 0xfc, 0x8c, 0xfc, 0x8c, 0xfc, 0xc0, 0x60, 0x38, 0x0e, 0x30, 0x30, 0x30, 0x30, 0x30, 0x00, 0x00 }, { 0x00, 0x00, 0x00 } },
  {0x7565, 0x00, { 0x00,0x00,0x00,0x00,0x7e,0x7e,0x7e,0x7f,0x7e,0x7e,0x7f,0x7e,0x7e,0x7e,0x66,0x00,0x00,0x00,0x00}, { 0x00,0x00,0x00,0x60,0x60,0x7c,0xcc,0xf8,0x30,0x78,0xce,0x00,0xfc,0xcc,0xcc,0xfc,0xcc,0x00,0x00}, {0x00,0x00,0x00} },
  {0x756a, 0x00, { 0x00, 0x00, 0x00, 0x00, 0x3f, 0x19, 0x0d, 0x7f, 0x07, 0x0d, 0x1f, 0x79, 0x19, 0x1f, 0x19, 0x19, 0x1f, 0x00, 0x00 }, { 0x00, 0x00, 0x00, 0x7c, 0xc0, 0x98, 0xb0, 0xfe, 0xe0, 0xb0, 0xf8, 0x9e, 0x98, 0xf8, 0x98, 0x98, 0xf8, 0x00, 0x00 }, { 0x00, 0x00, 0x00 } },
  {0x767d, 0x00, { 0x00,0x00,0x00,0x06,0x0c,0x3f,0x30,0x30,0x30,0x30,0x3f,0x30,0x30,0x30,0x30,0x3f,0x30,0x00,0x00}, { 0x00,0x00,0x00,0x00,0x00,0xfc,0x0c,0x0c,0x0c,0x0c,0xfc,0x0c,0x0c,0x0c,0x0c,0xfc,0x0c,0x00,0x00}, {0x00,0x00,0x00} },
  {0x7684, 0x00, { 0x00, 0x00, 0x00, 0x0c, 0x0c, 0x18, 0x3f, 0x33, 0x33, 0x33, 0x3f, 0x33, 0x33, 0x33, 0x33, 0x3f, 0x33, 0x00, 0x00 }, { 0x00, 0x00, 0x00, 0x60, 0x60, 0x7e, 0xc6, 0x86, 0x06, 0x66, 0x36, 0x36, 0x06, 0x06, 0x06, 0x06, 0x1c, 0x00, 0x00 }, { 0x00, 0x00, 0x00 } },
  {0x76d1, 0x00, { 0x00, 0x00, 0x00, 0x06, 0x36, 0x36, 0x36, 0x37, 0x36, 0x06, 0x00, 0x1f, 0x1b, 0x1b, 0x1b, 0x1b, 0x7f, 0x00, 0x00 }, { 0x00, 0x00, 0x00, 0x60, 0x60, 0x7e, 0xc0, 0xb0, 0x18, 0x18, 0x00, 0xf8, 0xd8, 0xd8, 0xd8, 0xd8, 0xfe, 0x00, 0x00 }, { 0x00, 0x00, 0x00 } },
  {0x76d8, 0x00, { 0x00, 0x00, 0x00, 0x03, 0x0f, 0x0d, 0x0c, 0x7f, 0x0d, 0x0c, 0x18, 0x30, 0x1f, 0x1b, 0x1b, 0x1b, 0x7f, 0x00, 0x00 }, { 0x00, 0x00, 0x00, 0x00, 0xf8, 0x98, 0xd8, 0xfe, 0x98, 0xd8, 0x38, 0x00, 0xf8, 0xd8, 0xd8, 0xd8, 0xfe, 0x00, 0x00 }, { 0x00, 0x00, 0x00 } },
  {0x76ee, 0x00, { 0x00, 0x00, 0x00, 0x3f, 0x30, 0x30, 0x30, 0x3f, 0x30, 0x30, 0x30, 0x3f, 0x30, 0x30, 0x30, 0x3f, 0x30, 0x00, 0x00 }, { 0x00, 0x00, 0x00, 0xfc, 0x0c, 0x0c, 0x0c, 0xfc, 0x0c, 0x0c, 0x0c, 0xfc, 0x0c, 0x0c, 0x0c, 0xfc, 0x0c, 0x00, 0x00 }, { 0x00, 0x00, 0x00 } },
  {0x76f4, 0x00, { 0x00, 0x00, 0x00, 0x01, 0x01, 0x3f, 0x01, 0x1f, 0x18, 0x1f, 0x18, 0x1f, 0x18, 0x1f, 0x18, 0x18, 0x7f, 0x00, 0x00 }, { 0x00, 0x00, 0x00, 0x80, 0x80, 0xfc, 0x80, 0xf8, 0x18, 0xf8, 0x18, 0xf8, 0x18, 0xf8, 0x18, 0x18, 0xfe, 0x00, 0x00 }, { 0x00, 0x00, 0x00 } },
  {0x76f8, 0x00, { 0x00, 0x00, 0x00, 0x0c, 0x0c, 0x0c, 0x7f, 0x0c, 0x1c, 0x1e, 0x3f, 0x3c, 0x6c, 0x0c, 0x0c, 0x0c, 0x0c, 0x00, 0x00 }, { 0x00, 0x00, 0x00, 0x00, 0xfe, 0xc6, 0xc6, 0xc6, 0xfe, 0xc6, 0xc6, 0xfe, 0xc6, 0xc6, 0xc6, 0xfe, 0xc6, 0x00, 0x00 }, { 0x00, 0x00, 0x00 } },
  {0x770b, 0x00, { 0x00, 0x00, 0x00, 0x00, 0x3f, 0x01, 0x1f, 0x03, 0x7f, 0x06, 0x0f, 0x1c, 0x3f, 0x6c, 0x0f, 0x0c, 0x0f, 0x00, 0x00 }, { 0x00, 0x00, 0x00, 0x7c, 0xc0, 0x80, 0xf8, 0x00, 0xfe, 0x00, 0xf8, 0x18, 0xf8, 0x18, 0xf8, 0x18, 0xf8, 0x00, 0x00 }, { 0x00, 0x00, 0x00 } },
  {0x7720, 0x00, { 0x00, 0x00, 0x00, 0x03, 0x7f, 0x6f, 0x6f, 0x7f, 0x6f, 0x6f, 0x7f, 0x6f, 0x6f, 0x7f, 0x6f, 0x03, 0x03, 0x00, 0x00 }, { 0x00, 0x00, 0x00, 0xfe, 0x06, 0x06, 0xfe, 0x30, 0x30, 0x30, 0xfe, 0x30, 0x30, 0x1e, 0x1e, 0x8e, 0x06, 0x00, 0x00 }, { 0x00, 0x00, 0x00 } },
  {0x7761, 0x00, { 0x00, 0x00, 0x00, 0x00, 0x03, 0x7c, 0x6c, 0x6f, 0x7d, 0x6d, 0x6f, 0x7d, 0x6d, 0x6f, 0x7c, 0x6c, 0x03, 0x00, 0x00 }, { 0x00, 0x00, 0x00, 0x3c, 0xe0, 0x60, 0x60, 0xfc, 0xf8, 0xf8, 0xfe, 0xf8, 0xf8, 0xfc, 0x60, 0x60, 0xfc, 0x00, 0x00 }, { 0x00, 0x00, 0x00 } },
  {0x77e5, 0x00, { 0x00, 0x00, 0x00, 0x18, 0x18, 0x18, 0x3f, 0x3c, 0x6c, 0x0c, 0x7f, 0x0c, 0x0c, 0x1e, 0x1b, 0x33, 0x60, 0x00, 0x00 }, { 0x00, 0x00, 0x00, 0x00, 0x00, 0x7e, 0x66, 0x66, 0x66, 0x66, 0xe6, 0x66, 0x66, 0x66, 0x7e, 0x66, 0x00, 0x00, 0x00 }, { 0x00, 0x00, 0x00 } },
  {0x77ed, 0x00, { 0x00,0x00,0x00,0x30,0x31,0x3e,0x78,0x19,0x19,0x19,0x7f,0x19,0x18,0x3d,0x36,0x36,0x63,0x00,0x00}, { 0x00,0x00,0x00,0x00,0xfc,0x00,0x00,0xfc,0x8c,0x8c,0x8c,0xfc,0x00,0x8c,0xd8,0x00,0xfe,0x00,0x00}, {0x00,0x00,0x00} },
  {0x7801, 0x00, { 0x00, 0x00, 0x00, 0x00, 0x03, 0x7e, 0x19, 0x19, 0x31, 0x3f, 0x76, 0x36, 0x37, 0x36, 0x3e, 0x36, 0x00, 0x00, 0x00 }, { 0x00, 0x00, 0x00, 0x00, 0xf8, 0x18, 0x98, 0x98, 0x98, 0xfe, 0x06, 0x06, 0xfe, 0x06, 0x06, 0x06, 0x1c, 0x00, 0x00 }, { 0x00, 0x00, 0x00 } },
  {0x786c, 0x00, { 0x00, 0x00, 0x00, 0x00, 0x7f, 0x18, 0x19, 0x31, 0x3f, 0x77, 0x37, 0x37, 0x37, 0x3e, 0x36, 0x00, 0x03, 0x00, 0x00 }, { 0x00, 0x00, 0x00, 0x00, 0xfe, 0x30, 0xfe, 0xb6, 0xb6, 0xfe, 0xb6, 0xb6, 0xfe, 0xf0, 0x60, 0xf8, 0x8e, 0x00, 0x00 }, { 0x00, 0x00, 0x00 } },
  {0x786e, 0x00, { 0x00, 0x00, 0x00, 0x00, 0x00, 0x7f, 0x1b, 0x19, 0x31, 0x3f, 0x77, 0x37, 0x37, 0x37, 0x3f, 0x31, 0x03, 0x00, 0x00 }, { 0x00, 0x00, 0x00, 0xc0, 0xfc, 0x8c, 0x18, 0xfe, 0xb6, 0xb6, 0xfe, 0xb6, 0xb6, 0xfe, 0xb6, 0xb6, 0x0e, 0x00, 0x00 }, { 0x00, 0x00, 0x00 } },
  {0x793a, 0x00, { 0x00, 0x00, 0x00, 0x00, 0x1f, 0x00, 0x00, 0x00, 0x7f, 0x01, 0x0d, 0x0d, 0x19, 0x31, 0x61, 0x01, 0x07, 0x00, 0x00 }, { 0x00, 0x00, 0x00, 0x00, 0xf8, 0x00, 0x00, 0x00, 0xfe, 0x80, 0xb0, 0x98, 0x8c, 0x86, 0x86, 0x80, 0x80, 0x00, 0x00 }, { 0x00, 0x00, 0x00 } },
  {0x7981, 0x00, { 0x00, 0x00, 0x00, 0x0c, 0x0c, 0x7f, 0x0c, 0x1e, 0x3f, 0x6c, 0x00, 0x1f, 0x00, 0x7f, 0x01, 0x19, 0x37, 0x00, 0x00 }, { 0x00, 0x00, 0x00, 0x30, 0x30, 0xfe, 0x30, 0x78, 0xfc, 0x36, 0x00, 0xf8, 0x00, 0xfe, 0x80, 0x98, 0x8c, 0x00, 0x00 }, { 0x00, 0x00, 0x00 } },
  {0x79cd, 0x00, { 0x00,0x00,0x00,0x00,0x0e,0x78,0x19,0x19,0x7f,0x19,0x1d,0x3f,0x39,0x78,0x18,0x18,0x18,0x00,0x00}, { 0x00,0x00,0x00,0x30,0x30,0x30,0xfe,0xb6,0xb6,0xb6,0xb6,0xfe,0xb6,0x30,0x30,0x30,0x30,0x00,0x00}, {0x00,0x00,0x00} },
  {0x79d2, 0x00, { 0x00, 0x00, 0x00, 0x07, 0x3c, 0x0c, 0x0c, 0x7f, 0x0c, 0x1d, 0x1e, 0x3f, 0x3c, 0x6c, 0x0c, 0x0c, 0x0c, 0x00, 0x00 }, { 0x00, 0x00, 0x00, 0x30, 0x30, 0x30, 0xfc, 0xf6, 0xf6, 0xb0, 0x3c, 0x3c, 0x18, 0x18, 0x30, 0x60, 0xc0, 0x00, 0x00 }, { 0x00, 0x00, 0x00 } },
  {0x79f0, 0x00, { 0x00, 0x00, 0x00, 0x00, 0x0e, 0x78, 0x18, 0x19, 0x7f, 0x18, 0x1c, 0x3f, 0x39, 0x7b, 0x18, 0x18, 0x18, 0x00, 0x00 }, { 0x00, 0x00, 0x00, 0xc0, 0xc0, 0xc0, 0xfe, 0x86, 0x0c, 0x30, 0x30, 0xbc, 0xb6, 0x36, 0x30, 0x30, 0xf0, 0x00, 0x00 }, { 0x00, 0x00, 0x00 } },
  {0x79fb, 0x00, { 0x00, 0x00, 0x00, 0x00, 0x0e, 0x78, 0x19, 0x1b, 0x7e, 0x18, 0x1f, 0x3e, 0x38, 0x7b, 0x18, 0x18, 0x1b, 0x00, 0x00 }, { 0x00, 0x00, 0x00, 0x60, 0x60, 0xf8, 0x98, 0xf0, 0x60, 0xd8, 0xb0, 0x7e, 0xcc, 0xf8, 0x30, 0xe0, 0x80, 0x00, 0x00 }, { 0x00, 0x00, 0x00 } },
  {0x7a0b, 0x00, { 0x00, 0x00, 0x00, 0x00, 0x0f, 0x79, 0x19, 0x19, 0x7e, 0x18, 0x1d, 0x3e, 0x38, 0x79, 0x18, 0x18, 0x1b, 0x00, 0x00 }, { 0x00, 0x00, 0x00, 0x00, 0xfc, 0x8c, 0x8c, 0xfc, 0x00, 0x00, 0xfc, 0x60, 0x60, 0xfc, 0x60, 0x60, 0xfe, 0x00, 0x00 }, { 0x00, 0x00, 0x00 } },
  {0x7a7a, 0x00, { 0x00, 0x00, 0x00, 0x03, 0x01, 0x7f, 0x66, 0x6c, 0x18, 0x00, 0x1f, 0x01, 0x01, 0x01, 0x01, 0x01, 0x7f, 0x00, 0x00 }, { 0x00, 0x00, 0x00, 0x00, 0x80, 0xfe, 0x66, 0x36, 0x18, 0x00, 0xf8, 0x80, 0x80, 0x80, 0x80, 0x80, 0xfe, 0x00, 0x00 }, { 0x00, 0x00, 0x00 } },
  {0x7a97, 0x00, { 0x00,0x00,0x00,0x03,0x01,0x7f,0x6c,0x1b,0x06,0x3f,0x33,0x37,0x3f,0x31,0x3f,0x30,0x3f,0x00,0x00}, { 0x00,0x00,0x00,0x00,0x80,0xfe,0x36,0x18,0x00,0xfc,0x0c,0xfc,0x6c,0xcc,0x6c,0x0c,0xfc,0x00,0x00}, {0x00,0x00,0x00} },
  {0x7acb, 0x00, { 0x00,0x00,0x00,0x03,0x01,0x00,0x3f,0x00,0x00,0x00,0x18,0x0c,0x0c,0x06,0x06,0x00,0x7f,0x00,0x00}, { 0x00,0x00,0x00,0x00,0x80,0x00,0xfc,0x00,0x00,0x18,0x18,0x30,0x30,0x60,0x60,0xc0,0xfe,0x00,0x00}, {0x00,0x00,0x00} },
  {0x7aef, 0x00, { 0x00, 0x00, 0x00, 0x18, 0x0d, 0x0d, 0x7f, 0x01, 0x06, 0x67, 0x36, 0x3d, 0x3d, 0x01, 0x0f, 0x79, 0x01, 0x00, 0x00 }, { 0x00, 0x00, 0x00, 0x30, 0xb6, 0xb6, 0xb6, 0xfe, 0x00, 0xfe, 0x60, 0xfe, 0xfe, 0xfe, 0xfe, 0xfe, 0x8e, 0x00, 0x00 }, { 0x00, 0x00, 0x00 } },
  {0x7b14, 0x00, { 0x00, 0x00, 0x00, 0x18, 0x1f, 0x3c, 0x67, 0x00, 0x1f, 0x01, 0x01, 0x1f, 0x01, 0x01, 0x7f, 0x01, 0x00, 0x00, 0x00 }, { 0x00, 0x00, 0x00, 0x60, 0x7e, 0xd8, 0x8c, 0xf8, 0x80, 0x80, 0xf8, 0x80, 0x80, 0xfc, 0x86, 0x86, 0xfe, 0x00, 0x00 }, { 0x00, 0x00, 0x00 } },
  {0x7b26, 0x00, { 0x00, 0x00, 0x00, 0x18, 0x1f, 0x3c, 0x67, 0x0c, 0x0c, 0x1b, 0x18, 0x39, 0x78, 0x18, 0x18, 0x18, 0x18, 0x00, 0x00 }, { 0x00, 0x00, 0x00, 0x60, 0x7e, 0xd8, 0x8c, 0x18, 0x18, 0xfe, 0x18, 0x98, 0xd8, 0x18, 0x18, 0x18, 0x78, 0x00, 0x00 }, { 0x00, 0x00, 0x00 } },
  {0x7b2c, 0x00, { 0x00, 0x00, 0x00, 0x18, 0x1f, 0x3c, 0x67, 0x00, 0x3f, 0x01, 0x3f, 0x31, 0x3f, 0x07, 0x1d, 0x71, 0x01, 0x00, 0x00 }, { 0x00, 0x00, 0x00, 0x60, 0x7e, 0xd8, 0x8c, 0x00, 0xf8, 0x98, 0xf8, 0x80, 0xfc, 0x8c, 0x8c, 0xb8, 0x80, 0x00, 0x00 }, { 0x00, 0x00, 0x00 } },
  {0x7b49, 0x00, { 0x00, 0x00, 0x00, 0x18, 0x1f, 0x3c, 0x67, 0x01, 0x1f, 0x01, 0x7f, 0x00, 0x3f, 0x00, 0x0c, 0x06, 0x01, 0x00, 0x00 }, { 0x00, 0x00, 0x00, 0x60, 0x7e, 0xd8, 0x8c, 0x80, 0xf8, 0x80, 0xfe, 0x60, 0xfc, 0x60, 0x60, 0x60, 0xe0, 0x00, 0x00 }, { 0x00, 0x00, 0x00 } },
  {0x7b56, 0x00, { 0x00,0x00,0x00,0x18,0x1f,0x3c,0x67,0x01,0x7f,0x01,0x3f,0x31,0x33,0x07,0x1d,0x71,0x01,0x00,0x00}, { 0x00,0x00,0x00,0x60,0x7e,0xd8,0x8c,0x80,0xfe,0x80,0xfc,0x8c,0xfc,0xe0,0xb8,0x8e,0x80,0x00,0x00}, {0x00,0x00,0x00} },
  {0x7b7e, 0x00, { 0x00,0x00,0x00,0x18,0x18,0x1f,0x3c,0x67,0x03,0x06,0x1c,0x7f,0x03,0x19,0x0d,0x0c,0x3f,0x00,0x00}, { 0x00,0x00,0x00,0x60,0x60,0x7e,0xd8,0x8c,0xc0,0x60,0x38,0xfe,0x00,0x98,0xb0,0x60,0xfc,0x00,0x00}, {0x00,0x00,0x00} },
  {0x7b80, 0x00, { 0x00, 0x00, 0x00, 0x18, 0x1f, 0x3c, 0x67, 0x18, 0x0f, 0x30, 0x37, 0x36, 0x37, 0x36, 0x37, 0x30, 0x30, 0x00, 0x00 }, { 0x00, 0x00, 0x00, 0x60, 0x7e, 0xd8, 0x8c, 0x00, 0xfe, 0x06, 0xf6, 0x36, 0xf6, 0x36, 0xf6, 0x06, 0x1e, 0x00, 0x00 }, { 0x00, 0x00, 0x00 } },
  {0x7ba1, 0x00, { 0x00, 0x00, 0x00, 0x18, 0x3f, 0x66, 0x01, 0x7f, 0x60, 0x1f, 0x18, 0x1f, 0x18, 0x1f, 0x18, 0x1f, 0x18, 0x00, 0x00 }, { 0x00, 0x00, 0x00, 0x60, 0xfe, 0xd8, 0x80, 0xfe, 0x06, 0xf0, 0x30, 0xf0, 0x00, 0xf8, 0x18, 0xf8, 0x18, 0x00, 0x00 }, { 0x00, 0x00, 0x00 } },
  {0x7c7b, 0x00, { 0x00, 0x00, 0x00, 0x01, 0x19, 0x0d, 0x7f, 0x07, 0x0d, 0x19, 0x70, 0x01, 0x7f, 0x03, 0x06, 0x1c, 0x70, 0x00, 0x00 }, { 0x00, 0x00, 0x00, 0x80, 0x98, 0xb0, 0xfe, 0xe0, 0xb0, 0x98, 0x0c, 0x80, 0xfe, 0xc0, 0x60, 0x38, 0x0e, 0x00, 0x00 }, { 0x00, 0x00, 0x00 } },
  {0x7cbe, 0x00, { 0x00, 0x00, 0x00, 0x18, 0x19, 0x7e, 0x3d, 0x18, 0x7f, 0x18, 0x3d, 0x3f, 0x79, 0x79, 0x19, 0x19, 0x19, 0x00, 0x00 }, { 0x00, 0x00, 0x00, 0x60, 0xfc, 0x60, 0xfc, 0x60, 0xfe, 0x00, 0xfc, 0x8c, 0xfc, 0x8c, 0xfc, 0x8c, 0xbc, 0x00, 0x00 }, { 0x00, 0x00, 0x00 } },
  {0x7cfb, 0x00, { 0x00, 0x00, 0x00, 0x00, 0x3f, 0x03, 0x06, 0x0c, 0x1f, 0x03, 0x0e, 0x3f, 0x01, 0x0d, 0x19, 0x31, 0x07, 0x00, 0x00 }, { 0x00, 0x00, 0x00, 0xf8, 0x80, 0x00, 0x30, 0x60, 0xc0, 0x30, 0x18, 0xfc, 0x8c, 0xb0, 0x98, 0x8c, 0x80, 0x00, 0x00 }, { 0x00, 0x00, 0x00 } },
  {0x7d20, 0x00, { 0x00, 0x00, 0x00, 0x01, 0x3f, 0x01, 0x1f, 0x01, 0x7f, 0x0c, 0x1f, 0x03, 0x3f, 0x01, 0x19, 0x31, 0x67, 0x00, 0x00 }, { 0x00, 0x00, 0x00, 0x80, 0xfc, 0x80, 0xf8, 0x80, 0xfe, 0x60, 0xc0, 0x18, 0xfc, 0x8c, 0xb0, 0x98, 0x8c, 0x00, 0x00 }, { 0x00, 0x00, 0x00 } },
  {0x7d22, 0x00, { 0x00, 0x00, 0x00, 0x01, 0x3f, 0x01, 0x01, 0x7f, 0x66, 0x0c, 0x1f, 0x03, 0x3f, 0x01, 0x19, 0x31, 0x67, 0x00, 0x00 }, { 0x00, 0x00, 0x00, 0x80, 0xfc, 0x80, 0x80, 0xfe, 0x06, 0x60, 0xc0, 0x18, 0xfc, 0x8c, 0xb0, 0x98, 0x8c, 0x00, 0x00 }, { 0x00, 0x00, 0x00 } },
  {0x7d9a, 0x00, { 0x00, 0x00, 0x00, 0x18, 0x18, 0x33, 0x3c, 0x7d, 0x18, 0x1b, 0x3f, 0x7c, 0x0c, 0x00, 0x7e, 0x79, 0x63, 0x00, 0x00 }, { 0x00, 0x00, 0x00, 0x30, 0x30, 0xfe, 0x30, 0xfc, 0x00, 0xfe, 0x06, 0xd8, 0xd8, 0xd8, 0xd8, 0x9e, 0x0e, 0x00, 0x00 }, { 0x00, 0x00, 0x00 } },
  {0x7ea7, 0x00, { 0x00, 0x00, 0x00, 0x18, 0x1b, 0x31, 0x6d, 0x7d, 0x19, 0x31, 0x61, 0x7d, 0x01, 0x01, 0x1f, 0x73, 0x06, 0x00, 0x00 }, { 0x00, 0x00, 0x00, 0x00, 0xf8, 0x98, 0x98, 0xb0, 0xe0, 0xfc, 0x8c, 0x8c, 0xd8, 0xf8, 0x30, 0x78, 0xce, 0x00, 0x00 }, { 0x00, 0x00, 0x00 } },
  {0x7eb9, 0x00, { 0x00, 0x00, 0x00, 0x18, 0x18, 0x30, 0x6f, 0x7d, 0x19, 0x31, 0x61, 0x7c, 0x00, 0x00, 0x1c, 0x71, 0x07, 0x00, 0x00 }, { 0x00, 0x00, 0x00, 0xc0, 0x60, 0x60, 0xfe, 0x98, 0x98, 0x98, 0x98, 0xf0, 0xf0, 0x60, 0xf0, 0x98, 0x0e, 0x00, 0x00 }, { 0x00, 0x00, 0x00 } },
  {0x7ebf, 0x00, { 0x00, 0x00, 0x00, 0x18, 0x18, 0x36, 0x36, 0x7d, 0x0c, 0x18, 0x31, 0x7e, 0x00, 0x00, 0x0e, 0x79, 0x00, 0x00, 0x00 }, { 0x00, 0x00, 0x00, 0x78, 0x6c, 0x60, 0x7c, 0xe0, 0x60, 0x7e, 0xf0, 0x6c, 0x78, 0x36, 0x7e, 0xce, 0x06, 0x00, 0x00 }, { 0x00, 0x00, 0x00 } },
  {0x7ec4, 0x00, { 0x00, 0x00, 0x00, 0x18, 0x19, 0x37, 0x37, 0x7d, 0x0d, 0x19, 0x31, 0x7f, 0x01, 0x01, 0x0f, 0x79, 0x03, 0x00, 0x00 }, { 0x00, 0x00, 0x00, 0x00, 0xfc, 0x8c, 0x8c, 0x8c, 0xfc, 0x8c, 0x8c, 0x8c, 0xfc, 0x8c, 0x8c, 0x8c, 0xfe, 0x00, 0x00 }, { 0x00, 0x00, 0x00 } },
  {0x7ed9, 0x00, { 0x00,0x00,0x00,0x18,0x18,0x30,0x6d,0x7f,0x1f,0x30,0x60,0x7f,0x03,0x03,0x1f,0x73,0x03,0x00,0x00}, { 0x00,0x00,0x00,0x60,0x60,0xf0,0x98,0x0c,0xfe,0x00,0x00,0xfc,0x0c,0x0c,0x0c,0xfc,0x0c,0x00,0x00}, {0x00,0x00,0x00} },
  {0x7edc, 0x00, { 0x00, 0x00, 0x00, 0x18, 0x18, 0x30, 0x6d, 0x7f, 0x18, 0x30, 0x61, 0x7f, 0x01, 0x01, 0x1d, 0x71, 0x01, 0x00, 0x00 }, { 0x00, 0x00, 0x00, 0xc0, 0xc0, 0xf8, 0x98, 0xf0, 0x60, 0xf0, 0x98, 0x0e, 0xf8, 0x98, 0x98, 0xf8, 0x98, 0x00, 0x00 }, { 0x00, 0x00, 0x00 } },
  {0x7edf, 0x00, { 0x00, 0x00, 0x00, 0x18, 0x18, 0x30, 0x6f, 0x7c, 0x18, 0x31, 0x63, 0x7c, 0x00, 0x01, 0x1d, 0x73, 0x06, 0x00, 0x00 }, { 0x00, 0x00, 0x00, 0xc0, 0x60, 0x00, 0xfe, 0xc0, 0xd8, 0x8c, 0xfc, 0xfc, 0xf0, 0xb0, 0xb6, 0x36, 0x1e, 0x00, 0x00 }, { 0x00, 0x00, 0x00 } },
  {0x7ee7, 0x00, { 0x00, 0x00, 0x00, 0x18, 0x19, 0x37, 0x37, 0x7d, 0x0d, 0x19, 0x31, 0x7f, 0x01, 0x01, 0x0f, 0x79, 0x01, 0x00, 0x00 }, { 0x00, 0x00, 0x00, 0x18, 0x98, 0xfe, 0xbc, 0x98, 0xfe, 0x98, 0xbc, 0xfe, 0xde, 0x98, 0x98, 0x80, 0xfe, 0x00, 0x00 }, { 0x00, 0x00, 0x00 } },
  {0x7eed, 0x00, { 0x00, 0x00, 0x00, 0x18, 0x18, 0x31, 0x6c, 0x7f, 0x19, 0x30, 0x63, 0x7d, 0x03, 0x00, 0x1c, 0x71, 0x03, 0x00, 0x00 }, { 0x00, 0x00, 0x00, 0x60, 0x60, 0xfc, 0x60, 0xfe, 0x86, 0xfc, 0x30, 0xb0, 0xfe, 0x60, 0xd8, 0x8c, 0x0c, 0x00, 0x00 }, { 0x00, 0x00, 0x00 } },
  {0x7ef4, 0x00, { 0x00, 0x00, 0x00, 0x18, 0x18, 0x37, 0x37, 0x7f, 0x0f, 0x19, 0x31, 0x7f, 0x01, 0x01, 0x0f, 0x79, 0x01, 0x00, 0x00 }, { 0x00, 0x00, 0x00, 0xf0, 0xd8, 0x80, 0xfe, 0xb0, 0xb0, 0xfc, 0xb0, 0xb0, 0xfc, 0xb0, 0xb0, 0xfe, 0x80, 0x00, 0x00 }, { 0x00, 0x00, 0x00} },
  {0x7f13, 0x00, { 0x00, 0x00, 0x00, 0x18, 0x1f, 0x33, 0x6d, 0x7f, 0x18, 0x37, 0x60, 0x7d, 0x01, 0x03, 0x1f, 0x76, 0x01, 0x00, 0x00 }, { 0x00, 0x00, 0x00, 0x1e, 0xf0, 0xcc, 0xf8, 0xfc, 0xc0, 0xfe, 0xc0, 0xfc, 0xec, 0x78, 0x30, 0x78, 0xce, 0x00, 0x00 }, { 0x00, 0x00, 0x00 } },
  {0x7f16, 0x00, { 0x00, 0x00, 0x00, 0x18, 0x18, 0x37, 0x37, 0x7d, 0x0d, 0x19, 0x31, 0x7f, 0x03, 0x01, 0x0f, 0x79, 0x01, 0x00, 0x00 }, { 0x00, 0x00, 0x00, 0x60, 0x30, 0xfe, 0x86, 0x86, 0xfe, 0x80, 0xfe, 0xfe, 0xfe, 0xfe, 0xfe, 0xfe, 0x8e, 0x00, 0x00 }, { 0x00, 0x00, 0x00 } },
  {0x7f51, 0x00, { 0x00, 0x00, 0x00, 0x00, 0x3f, 0x30, 0x31, 0x3d, 0x37, 0x33, 0x33, 0x37, 0x37, 0x3c, 0x39, 0x30, 0x30, 0x00, 0x00 }, { 0x00, 0x00, 0x00, 0x00, 0xfe, 0x06, 0x9e, 0xde, 0xfe, 0x36, 0x36, 0xfe, 0xfe, 0xc6, 0x86, 0x06, 0x1e, 0x00, 0x00 }, { 0x00, 0x00, 0x00 } },
  {0x7f6e, 0x00, { 0x00, 0x00, 0x00, 0x3f, 0x36, 0x36, 0x3f, 0x01, 0x3f, 0x01, 0x1f, 0x18, 0x18, 0x19, 0x19, 0x19, 0x7f, 0x00, 0x00 }, { 0x00, 0x00, 0x00, 0xfc, 0x6c, 0x6c, 0xfc, 0x80, 0xfc, 0x80, 0xf8, 0x18, 0x18, 0x98, 0x98, 0x98, 0xfe, 0x00, 0x00 }, { 0x00, 0x00, 0x00 } },
  {0x8003, 0x00, { 0x00, 0x00, 0x00, 0x03, 0x03, 0x1f, 0x03, 0x7f, 0x01, 0x07, 0x1f, 0x7c, 0x0f, 0x00, 0x00, 0x00, 0x00, 0x00, 0x00 }, { 0x00, 0x00, 0x00, 0x00, 0x0c, 0xf8, 0x30, 0xfe, 0xc0, 0x00, 0xfc, 0x00, 0xf8, 0x18, 0x18, 0x18, 0x70, 0x00, 0x00 }, { 0x00, 0x00, 0x00 } },
  {0x80a1, 0x00, { 0x00, 0x00, 0x00, 0x00, 0x3e, 0x36, 0x36, 0x36, 0x3f, 0x37, 0x37, 0x3e, 0x36, 0x36, 0x36, 0x36, 0x6f, 0x00, 0x00 }, { 0x00, 0x00, 0x00, 0x00, 0xf8, 0xd8, 0xd8, 0xd8, 0x8e, 0x00, 0xfc, 0xcc, 0xd8, 0x78, 0x30, 0x78, 0xce, 0x00, 0x00 }, { 0x00, 0x00, 0x00 } },
  {0x80fd, 0x00, { 0x00, 0x00, 0x00, 0x0c, 0x18, 0x33, 0x7f, 0x01, 0x00, 0x3f, 0x33, 0x3f, 0x33, 0x3f, 0x33, 0x33, 0x37, 0x00, 0x00 }, { 0x00, 0x00, 0x00, 0x60, 0x6e, 0x78, 0xe6, 0xe6, 0x3e, 0x00, 0x66, 0x6c, 0x78, 0x60, 0x66, 0x66, 0x3e, 0x00, 0x00 }, { 0x00, 0x00, 0x00 } },
  {0x811a, 0x00, { 0x00, 0x00, 0x00, 0x01, 0x3d, 0x3d, 0x3f, 0x3d, 0x3d, 0x3f, 0x3d, 0x3d, 0x3f, 0x3f, 0x3f, 0x3c, 0x7c, 0x00, 0x00 }, { 0x00, 0x00, 0x00, 0x80, 0xbe, 0xb6, 0xf6, 0xb6, 0xb6, 0xf6, 0xb6, 0xb6, 0x36, 0xfe, 0xf0, 0x30, 0x30, 0x00, 0x00 }, { 0x00, 0x00, 0x00 } },
  {0x817e, 0x00, { 0x00, 0x00, 0x00, 0x03, 0x3d, 0x3f, 0x3c, 0x3f, 0x3d, 0x3f, 0x3e, 0x3d, 0x3d, 0x3c, 0x3f, 0x3c, 0x7c, 0x00, 0x00 }, { 0x00, 0x00, 0x00, 0x6c, 0xf8, 0xfc, 0xc0, 0xfe, 0x98, 0xfc, 0x36, 0xb0, 0xfc, 0x0c, 0xec, 0x0c, 0x38, 0x00, 0x00 }, { 0x00, 0x00, 0x00 } },
  {0x81ea, 0x00, { 0x00, 0x00, 0x00, 0x03, 0x06, 0x3f, 0x30, 0x30, 0x3f, 0x30, 0x30, 0x3f, 0x30, 0x30, 0x30, 0x3f, 0x30, 0x00, 0x00 }, { 0x00, 0x00, 0x00, 0x00, 0x00, 0xfc, 0x0c, 0x0c, 0xfc, 0x0c, 0x0c, 0xfc, 0x0c, 0x0c, 0x0c, 0xfc, 0x0c, 0x00, 0x00 }, { 0x00, 0x00, 0x00 } },
  {0x81f3, 0x00, { 0x00,0x00,0x00,0x00,0x3f,0x03,0x06,0x0c,0x1f,0x00,0x01,0x01,0x3f,0x01,0x01,0x01,0x7f,0x00,0x00}, { 0x00,0x00,0x00,0x00,0xfc,0x00,0x60,0x30,0xf8,0x18,0x80,0x80,0xfc,0x80,0x80,0x80,0xfe,0x00,0x00}, {0x00,0x00,0x00} },
  {0x81f4, 0x00, { 0x00, 0x00, 0x00, 0x00, 0x7f, 0x0c, 0x1b, 0x31, 0x7f, 0x0d, 0x0c, 0x7f, 0x0c, 0x0c, 0x0f, 0x7c, 0x01, 0x00, 0x00 }, { 0x00, 0x00, 0x00, 0x60, 0xe0, 0x60, 0x7e, 0xcc, 0xec, 0xec, 0x6c, 0xf8, 0x78, 0x30, 0xf8, 0xcc, 0x86, 0x00, 0x00 }, { 0x00, 0x00, 0x00 } },
  {0x82af, 0x00, { 0x00, 0x00, 0x00, 0x0c, 0x0c, 0x7f, 0x0c, 0x0c, 0x01, 0x00, 0x06, 0x06, 0x36, 0x36, 0x36, 0x66, 0x03, 0x00, 0x00 }, { 0x00, 0x00, 0x00, 0x30, 0x30, 0xfe, 0x30, 0x30, 0x80, 0xc0, 0xc0, 0x0c, 0x06, 0x06, 0x36, 0x30, 0xf0, 0x00, 0x00 }, { 0x00, 0x00, 0x00 } },
  {0x82f1, 0x00, { 0x00, 0x00, 0x00, 0x06, 0x06, 0x7f, 0x06, 0x01, 0x1f, 0x19, 0x19, 0x19, 0x7f, 0x03, 0x06, 0x1c, 0x70, 0x00, 0x00 }, { 0x00, 0x00, 0x00, 0x60, 0x60, 0xfe, 0x60, 0x80, 0xf8, 0x98, 0x98, 0x98, 0xfe, 0xc0, 0x60, 0x38, 0x0e, 0x00, 0x00 }, { 0x00, 0x00, 0x00 } },
  {0x8303, 0x00, { 0x00, 0x00, 0x00, 0x0c, 0x0c, 0x7f, 0x0c, 0x18, 0x0d, 0x01, 0x31, 0x19, 0x01, 0x07, 0x0d, 0x19, 0x30, 0x00, 0x00 }, { 0x00, 0x00, 0x00, 0x30, 0x30, 0xfe, 0x30, 0x00, 0xfc, 0x8c, 0x8c, 0x8c, 0xb8, 0x80, 0x86, 0x86, 0xfe, 0x00, 0x00 }, { 0x00, 0x00, 0x00 } },
  {0x8377, 0x00, { 0x00, 0x00, 0x00, 0x0c, 0x7f, 0x0c, 0x00, 0x0f, 0x18, 0x38, 0x7b, 0x1b, 0x1b, 0x1b, 0x1b, 0x18, 0x18, 0x00, 0x00 }, { 0x00, 0x00, 0x00, 0x30, 0xfe, 0x30, 0x00, 0xfe, 0x0c, 0x0c, 0xfc, 0x3c, 0x3c, 0xfc, 0x0c, 0x0c, 0x3c, 0x00, 0x00 }, { 0x00, 0x00, 0x00 } },
  {0x83b7, 0x00, { 0x00,0x00,0x00,0x06,0x7f,0x06,0x00,0x3c,0x18,0x3c,0x6f,0x1c,0x3c,0x6c,0x0d,0x0f,0x3e,0x00,0x00}, { 0x00,0x00,0x00,0x60,0xfe,0x60,0x00,0x78,0x6c,0x60,0xfe,0x60,0xf0,0xf0,0x98,0x0c,0x06,0x00,0x00}, {0x00,0x00,0x00} },
  {0x83dc, 0x00, { 0x00, 0x00, 0x00, 0x0c, 0x7f, 0x0c, 0x00, 0x3f, 0x1b, 0x0d, 0x01, 0x7f, 0x03, 0x07, 0x1d, 0x71, 0x01, 0x00, 0x00 }, { 0x00, 0x00, 0x00, 0x30, 0xfe, 0x30, 0x7c, 0xd8, 0x18, 0xb0, 0x80, 0xfe, 0xc0, 0xe0, 0xb8, 0x8e, 0x80, 0x00, 0x00 }, { 0x00, 0x00, 0x00 } },
  {0x884c, 0x00, { 0x00, 0x00, 0x00, 0x0c, 0x19, 0x30, 0x6c, 0x0c, 0x1b, 0x38, 0x78, 0x18, 0x18, 0x18, 0x18, 0x18, 0x18, 0x00, 0x00 }, { 0x00, 0x00, 0x00, 0x00, 0xfc, 0x00, 0x00, 0x00, 0xfe, 0x30, 0x30, 0x30, 0x30, 0x30, 0x30, 0x30, 0xf0, 0x00, 0x00 }, { 0x00, 0x00, 0x00 } },
  {0x8861, 0x00, { 0x00,0x00,0x00,0x1b,0x33,0x66,0x01,0x1f,0x37,0x77,0x37,0x37,0x31,0x3f,0x31,0x33,0x36,0x00,0x00}, { 0x00,0x00,0x00,0x00,0xfe,0xc0,0x80,0xe0,0xfe,0xec,0xec,0xec,0x8c,0xec,0x8c,0xcc,0x7c,0x00,0x00}, {0x00,0x00,0x00} },
  {0x8868, 0x00, { 0x00, 0x00, 0x00, 0x01, 0x01, 0x3f, 0x01, 0x1f, 0x01, 0x7f, 0x03, 0x06, 0x0e, 0x1e, 0x77, 0x07, 0x06, 0x00, 0x00 }, { 0x00, 0x00, 0x00, 0x80, 0x80, 0xfc, 0x80, 0xf8, 0x80, 0xfe, 0xc0, 0xcc, 0x78, 0x30, 0x98, 0x0e, 0x00, 0x00, 0x00 }, { 0x00, 0x00, 0x00 } },
  {0x8981, 0x00, { 0x00,0x00,0x00,0x7f,0x06,0x06,0x3f,0x36,0x36,0x3f,0x03,0x7f,0x06,0x0e,0x03,0x0e,0x78,0x00,0x00}, { 0x00,0x00,0x00,0xfe,0x60,0x60,0xfc,0x6c,0x6c,0xfc,0x00,0xfe,0x30,0x60,0xc0,0x78,0x0c,0x00,0x00}, {0x00,0x00,0x00} },
  {0x88ab, 0x00, { 0x00, 0x00, 0x00, 0x30, 0x18, 0x01, 0x7d, 0x0d, 0x19, 0x1f, 0x3d, 0x7f, 0x19, 0x19, 0x19, 0x1b, 0x1e, 0x00, 0x00 }, { 0x00, 0x00, 0x00, 0x30, 0x30, 0xfe, 0xb6, 0xbc, 0xb0, 0xfc, 0xec, 0xec, 0xec, 0xf8, 0xb0, 0x78, 0xce, 0x00, 0x00 }, { 0x00, 0x00, 0x00 } },
  {0x88c5, 0x00, { 0x00, 0x00, 0x00, 0x0c, 0x6c, 0x3f, 0x0c, 0x1c, 0x7d, 0x0f, 0x01, 0x7f, 0x07, 0x0e, 0x1e, 0x77, 0x07, 0x00, 0x00 }, { 0x00, 0x00, 0x00, 0x60, 0x60, 0xfe, 0x60, 0x60, 0xfc, 0x00, 0x80, 0xfe, 0x98, 0xf0, 0x60, 0xb8, 0x0e, 0x00, 0x00 }, { 0x00, 0x00, 0x00 } },
  {0x89c4, 0x00, { 0x00,0x00,0x00,0x0c,0x0c,0x0c,0x3f,0x0c,0x0c,0x7f,0x0c,0x0c,0x1e,0x1b,0x33,0x60,0x01,0x00,0x00}, { 0x00,0x00,0x00,0x00,0xfc,0xcc,0xcc,0xfc,0xfc,0xfc,0xfc,0xfc,0x30,0x78,0x78,0xde,0x8e,0x00,0x00}, {0x00,0x00,0x00} },
  {0x89c8, 0x00, { 0x00,0x00,0x00,0x06,0x36,0x36,0x37,0x36,0x00,0x1f,0x18,0x19,0x19,0x19,0x03,0x0e,0x38,0x00,0x00}, { 0x00,0x00,0x00,0x60,0x60,0xfe,0xb0,0x18,0x00,0xf8,0x18,0x98,0x98,0x98,0xc0,0xc6,0x7e,0x00,0x00}, {0x00,0x00,0x00} },
  {0x8a00, 0x00, { 0x00, 0x00, 0x00, 0x03, 0x01, 0x7f, 0x00, 0x1f, 0x00, 0x1f, 0x00, 0x1f, 0x18, 0x18, 0x18, 0x1f, 0x18, 0x00, 0x00 }, { 0x00, 0x00, 0x00, 0x00, 0x80, 0xfe, 0x00, 0xf8, 0x00, 0xf8, 0x00, 0xf8, 0x18, 0x18, 0x18, 0xf8, 0x18, 0x00, 0x00 }, { 0x00, 0x00, 0x00 } },
  {0x8a2d, 0x00, { 0x00, 0x00, 0x00, 0x18, 0x0c, 0x7f, 0x00, 0x3e, 0x01, 0x3f, 0x01, 0x3e, 0x36, 0x36, 0x36, 0x3e, 0x37, 0x00, 0x00 }, { 0x00, 0x00, 0x00, 0x00, 0xf8, 0xd8, 0xd8, 0xd8, 0x8e, 0x00, 0xfc, 0xcc, 0xd8, 0x78, 0x30, 0x78, 0xce, 0x00, 0x00 }, { 0x00, 0x00, 0x00 } },
  {0x8a9e, 0x00, { 0x00, 0x00, 0x00, 0x18, 0x0f, 0x7e, 0x00, 0x3f, 0x00, 0x3e, 0x03, 0x3e, 0x37, 0x37, 0x37, 0x3f, 0x37, 0x00, 0x00 }, { 0x00, 0x00, 0x00, 0x00, 0xfe, 0x60, 0x60, 0xfc, 0xcc, 0xcc, 0xfe, 0x00, 0xfc, 0x8c, 0x8c, 0xfc, 0x8c, 0x00, 0x00 }, { 0x00, 0x00, 0x00 } },
  {0x8ba4, 0x00, { 0x00, 0x00, 0x00, 0x30, 0x18, 0x18, 0x00, 0x78, 0x18, 0x18, 0x18, 0x18, 0x1e, 0x1d, 0x19, 0x03, 0x06, 0x00, 0x00 }, { 0x00, 0x00, 0x00, 0x60, 0x60, 0x60, 0x60, 0x60, 0x60, 0x60, 0xf0, 0xf0, 0xf0, 0x98, 0x98, 0x0c, 0x06, 0x00, 0x00 }, { 0x00, 0x00, 0x00 } },
  {0x8bae, 0x00, { 0x00,0x00,0x00,0x30,0x18,0x18,0x03,0x03,0x79,0x19,0x18,0x18,0x18,0x1e,0x1d,0x1b,0x06,0x00,0x00}, { 0x00,0x00,0x00,0xc0,0x60,0x6c,0x0c,0x0c,0x98,0x98,0xf0,0xf0,0x60,0xf0,0x98,0x0c,0x06,0x00,0x00}, {0x00,0x00,0x00} },
  {0x8bb0, 0x00, { 0x00, 0x00, 0x00, 0x30, 0x1b, 0x18, 0x00, 0x00, 0x78, 0x1b, 0x1b, 0x1b, 0x1b, 0x1f, 0x1f, 0x1b, 0x01, 0x00, 0x00 }, { 0x00, 0x00, 0x00, 0x00, 0xfc, 0x0c, 0x0c, 0x0c, 0x0c, 0xfc, 0x00, 0x00, 0x00, 0x00, 0x06, 0x06, 0xfe, 0x00, 0x00 }, { 0x00, 0x00, 0x00 } },
  {0x8bb8, 0x00, { 0x00, 0x00, 0x00, 0x31, 0x19, 0x1b, 0x03, 0x06, 0x78, 0x18, 0x1f, 0x18, 0x18, 0x1e, 0x1c, 0x18, 0x00, 0x00, 0x00 }, { 0x00, 0x00, 0x00, 0x80, 0x80, 0xfc, 0x60, 0x60, 0x60, 0x60, 0xfe, 0x60, 0x60, 0x60, 0x60, 0x60, 0x60, 0x00, 0x00 }, { 0x00, 0x00, 0x00 } },
  {0x8bbe, 0x00, { 0x00, 0x00, 0x00, 0x30, 0x19, 0x19, 0x01, 0x01, 0x7b, 0x1e, 0x1b, 0x19, 0x19, 0x1e, 0x1c, 0x19, 0x07, 0x00, 0x00 }, { 0x00, 0x00, 0x00, 0x00, 0xf8, 0x98, 0x98, 0x98, 0x0e, 0x00, 0xfc, 0x8c, 0x98, 0xf0, 0x60, 0xf8, 0x0e, 0x00, 0x00 }, { 0x00, 0x00, 0x00 } },
  {0x8bbf, 0x00, { 0x00, 0x00, 0x00, 0x30, 0x18, 0x18, 0x07, 0x01, 0x79, 0x19, 0x19, 0x19, 0x19, 0x1f, 0x1f, 0x1b, 0x06, 0x00, 0x00 }, { 0x00, 0x00, 0x00, 0xc0, 0x60, 0x00, 0xfe, 0x80, 0x80, 0xfc, 0x8c, 0x8c, 0x8c, 0x8c, 0x0c, 0x0c, 0x38, 0x00, 0x00 }, { 0x00, 0x00, 0x00 } },
  {0x8bc1, 0x00, { 0x00, 0x00, 0x00, 0x30, 0x1b, 0x18, 0x00, 0x00, 0x79, 0x19, 0x19, 0x19, 0x19, 0x1f, 0x1d, 0x19, 0x07, 0x00, 0x00 }, { 0x00, 0x00, 0x00, 0x00, 0xfe, 0x30, 0x30, 0x30, 0xb0, 0xbe, 0xb0, 0xb0, 0xb0, 0xb0, 0xb0, 0xb0, 0xfe, 0x00, 0x00 }, { 0x00, 0x00, 0x00 } },
  {0x8bc6, 0x00, { 0x00, 0x00, 0x00, 0x30, 0x1b, 0x1b, 0x03, 0x03, 0x7b, 0x1b, 0x1b, 0x18, 0x18, 0x1f, 0x1d, 0x1b, 0x06, 0x00, 0x00 }, { 0x00, 0x00, 0x00, 0x00, 0xfc, 0x0c, 0x0c, 0x0c, 0x0c, 0x0c, 0xfc, 0x00, 0x00, 0x98, 0x8c, 0x06, 0x06, 0x00, 0x00 }, { 0x00, 0x00, 0x00 } },
  {0x8bd1, 0x00, { 0x00, 0x00, 0x00, 0x30, 0x1b, 0x19, 0x00, 0x00, 0x78, 0x1b, 0x18, 0x19, 0x18, 0x1e, 0x1f, 0x18, 0x00, 0x00, 0x00 }, { 0x00, 0x00, 0x00, 0x00, 0xfc, 0x98, 0xf0, 0x60, 0xf8, 0x8e, 0x60, 0xf8, 0x60, 0x60, 0xfe, 0x60, 0x60, 0x00, 0x00 }, { 0x00, 0x00, 0x00 } },
  {0x8bd5, 0x00, { 0x00, 0x00, 0x00, 0x30, 0x18, 0x18, 0x07, 0x00, 0x78, 0x1b, 0x19, 0x19, 0x19, 0x1f, 0x1d, 0x1f, 0x00, 0x00, 0x00 }, { 0x00, 0x00, 0x00, 0x3c, 0x36, 0x30, 0xfe, 0x30, 0x30, 0xf0, 0xb0, 0xb0, 0x98, 0x9e, 0xfe, 0x8e, 0x06, 0x00, 0x00 }, { 0x00, 0x00, 0x00 } },
  {0x8be5, 0x00, { 0x00, 0x00, 0x00, 0x30, 0x18, 0x1b, 0x00, 0x00, 0x79, 0x1b, 0x18, 0x18, 0x19, 0x1b, 0x1c, 0x18, 0x03, 0x00, 0x00 }, { 0x00, 0x00, 0x00, 0xc0, 0x60, 0xfe, 0x60, 0xd8, 0x98, 0xf0, 0x6c, 0xcc, 0x98, 0x30, 0x78, 0xcc, 0x8c, 0x00, 0x00 }, { 0x00, 0x00, 0x00 } },
  {0x8be6, 0x00, { 0x00, 0x00, 0x00, 0x33, 0x19, 0x18, 0x03, 0x00, 0x78, 0x1b, 0x18, 0x18, 0x1f, 0x18, 0x1c, 0x18, 0x00, 0x00, 0x00 }, { 0x00, 0x00, 0x00, 0x0c, 0x98, 0x00, 0xfc, 0x60, 0x60, 0xfc, 0x60, 0x60, 0xfe, 0x60, 0x60, 0x60, 0x60, 0x00, 0x00 }, { 0x00, 0x00, 0x00 } },
  {0x8bed, 0x00, { 0x00, 0x00, 0x00, 0x37, 0x18, 0x18, 0x03, 0x01, 0x79, 0x1f, 0x18, 0x18, 0x1b, 0x1f, 0x1f, 0x1b, 0x03, 0x00, 0x00 }, { 0x00, 0x00, 0x00, 0xfe, 0xc0, 0xc0, 0xfc, 0x8c, 0x8c, 0xfe, 0x00, 0x00, 0xfc, 0x0c, 0x0c, 0xfc, 0x0c, 0x00, 0x00 }, { 0x00, 0x00, 0x00 } },
  {0x8bef, 0x00, { 0x00, 0x00, 0x00, 0x33, 0x1b, 0x1b, 0x03, 0x00, 0x78, 0x1b, 0x18, 0x18, 0x1f, 0x18, 0x1d, 0x1b, 0x06, 0x00, 0x00 }, { 0x00, 0x00, 0x00, 0xfc, 0x0c, 0x0c, 0xfc, 0x00, 0x00, 0xfc, 0x60, 0x60, 0xfe, 0xf0, 0x98, 0x0c, 0x06, 0x00, 0x00 }, { 0x00, 0x00, 0x00 } },
  {0x8bf4, 0x00, { 0x00, 0x00, 0x00, 0x33, 0x19, 0x19, 0x03, 0x7b, 0x1b, 0x1b, 0x1b, 0x19, 0x1f, 0x1d, 0x1b, 0x03, 0x06, 0x00, 0x00 }, { 0x00, 0x00, 0x00, 0x18, 0x98, 0xb0, 0xfc, 0x0c, 0x0c, 0x0c, 0xfc, 0xb0, 0xb0, 0xb0, 0x36, 0x36, 0x1e, 0x00, 0x00 }, { 0x00, 0x00, 0x00 } },
  {0x8bf7, 0x00, { 0x00, 0x00, 0x00, 0x30, 0x1b, 0x18, 0x03, 0x00, 0x7f, 0x18, 0x1b, 0x1b, 0x1b, 0x1f, 0x1f, 0x1b, 0x03, 0x00, 0x00 }, { 0x00, 0x00, 0x00, 0x60, 0xfc, 0x60, 0xfc, 0x60, 0xfe, 0x00, 0xfc, 0x0c, 0xfc, 0x0c, 0xfc, 0x0c, 0x3c, 0x00, 0x00 }, { 0x00, 0x00, 0x00 } },
  {0x8bfb, 0x00, { 0x00, 0x00, 0x00, 0x30, 0x18, 0x1b, 0x00, 0x07, 0x79, 0x18, 0x1b, 0x19, 0x1f, 0x18, 0x1c, 0x19, 0x03, 0x00, 0x00 }, { 0x00, 0x00, 0x00, 0x60, 0x60, 0xfc, 0x60, 0xfe, 0x86, 0xfc, 0x30, 0xb0, 0xfe, 0x60, 0xd8, 0x8c, 0x0c, 0x00, 0x00 }, { 0x00, 0x00, 0x00 } },
  {0x8c03, 0x00, { 0x00, 0x00, 0x00, 0x30, 0x1b, 0x1b, 0x03, 0x7b, 0x1b, 0x1b, 0x1b, 0x1b, 0x1f, 0x1f, 0x1b, 0x03, 0x06, 0x00, 0x00 }, { 0x00, 0x00, 0x00, 0x00, 0xfe, 0x66, 0x66, 0xfe, 0x66, 0xfe, 0x06, 0xfe, 0xde, 0xde, 0xfe, 0x06, 0x1e, 0x00, 0x00 }, { 0x00, 0x00, 0x00 } },
  {0x8c31, 0x00, { 0x00, 0x00, 0x00, 0x31, 0x18, 0x1b, 0x00, 0x03, 0x79, 0x1b, 0x18, 0x19, 0x19, 0x1f, 0x1d, 0x19, 0x01, 0x00, 0x00 }, { 0x00, 0x00, 0x00, 0x8c, 0xd8, 0xfe, 0xd8, 0xde, 0xdc, 0xfe, 0x00, 0xfc, 0x8c, 0xfc, 0x8c, 0xfc, 0x8c, 0x00, 0x00 }, { 0x00, 0x00, 0x00 } },
  {0x8d25, 0x00, { 0x00, 0x00, 0x00, 0x00, 0x7e, 0x66, 0x7e, 0x7f, 0x7f, 0x7e, 0x7e, 0x7e, 0x7e, 0x18, 0x3c, 0x36, 0x63, 0x00, 0x00 }, { 0x00, 0x00, 0x00, 0xc0, 0xc0, 0xc0, 0xfe, 0x8c, 0xcc, 0xcc, 0xcc, 0x78, 0x78, 0x30, 0x78, 0xcc, 0x86, 0x00, 0x00 }, { 0x00, 0x00, 0x00 } },
  {0x8d26, 0x00, { 0x00,0x00,0x00,0x00,0x7e,0x66,0x7e,0x7e,0x7e,0x7f,0x7e,0x7e,0x7e,0x18,0x3c,0x36,0x60,0x00,0x00}, { 0x00,0x00,0x00,0xc0,0xcc,0xcc,0xd8,0xf0,0xc0,0xfe,0xf0,0xf0,0xd8,0xd8,0xfc,0xe6,0xc0,0x00,0x00}, {0x00,0x00,0x00} },
  {0x8d77, 0x00, { 0x00, 0x00, 0x00, 0x0c, 0x0c, 0x3f, 0x0c, 0x0c, 0x7f, 0x0c, 0x0c, 0x3f, 0x3c, 0x3c, 0x3c, 0x7c, 0x67, 0x00, 0x00 }, { 0x00, 0x00, 0x00, 0x00, 0xfc, 0x0c, 0x0c, 0x0c, 0xfc, 0xc0, 0xc0, 0xc6, 0xc6, 0x7e, 0x00, 0x00, 0xfe, 0x00, 0x00 }, { 0x00, 0x00, 0x00 } },
  {0x8d85, 0x00, { 0x00, 0x00, 0x00, 0x0c, 0x0d, 0x0c, 0x3f, 0x0c, 0x0d, 0x7f, 0x0c, 0x3c, 0x3f, 0x3c, 0x3c, 0x7c, 0x67, 0x00, 0x00 }, { 0x00, 0x00, 0x00, 0x00, 0xfc, 0xcc, 0xcc, 0xcc, 0xb8, 0x00, 0xfc, 0xcc, 0xcc, 0xcc, 0xfc, 0x00, 0xfe, 0x00, 0x00 }, { 0x00, 0x00, 0x00 } },
  {0x8d8a, 0x00, { 0x00, 0x00, 0x00, 0x0c, 0x0c, 0x0c, 0x3f, 0x0d, 0x0d, 0x7f, 0x0d, 0x0d, 0x3f, 0x3c, 0x3c, 0x7c, 0x67, 0x00, 0x00 }, { 0x00, 0x00, 0x00, 0x3c, 0x36, 0x30, 0xfe, 0xb0, 0xbc, 0xbc, 0x98, 0xde, 0xbe, 0x6e, 0xc6, 0x00, 0xfe, 0x00, 0x00 }, { 0x00, 0x00, 0x00 } },
  {0x8db3, 0x00, { 0x00, 0x00, 0x00, 0x00, 0x1f, 0x18, 0x18, 0x18, 0x1f, 0x01, 0x01, 0x19, 0x19, 0x19, 0x19, 0x3d, 0x67, 0x00, 0x00 }, { 0x00, 0x00, 0x00, 0x00, 0xf8, 0x18, 0x18, 0x18, 0xf8, 0x80, 0x80, 0x80, 0xfc, 0x80, 0x80, 0x80, 0xfe, 0x00, 0x00 }, { 0x00, 0x00, 0x00 } },
  {0x8df3, 0x00, { 0x00,0x00,0x00,0x00,0x3e,0x36,0x37,0x37,0x3e,0x0c,0x3d,0x3f,0x3c,0x3d,0x3f,0x7b,0x06,0x00,0x00}, { 0x00,0x00,0x00,0xf0,0xf0,0xf6,0xfc,0xf8,0xf0,0xf0,0xf8,0xfc,0xf6,0xb0,0xb6,0x36,0x1e,0x00,0x00}, {0x00,0x00,0x00} },
  {0x8def, 0x00, { 0x00, 0x00, 0x00, 0x00, 0x3e, 0x36, 0x36, 0x37, 0x3e, 0x0c, 0x3d, 0x3f, 0x3c, 0x3c, 0x3f, 0x78, 0x00, 0x00, 0x00 }, { 0x00, 0x00, 0x00, 0x60, 0x60, 0x7c, 0xcc, 0xf8, 0x30, 0x78, 0xce, 0x00, 0xfc, 0xcc, 0xcc, 0xfc, 0xcc, 0x00, 0x00 }, { 0x00, 0x00, 0x00 } },
  {0x8f66, 0x00, { 0x00, 0x00, 0x00, 0x03, 0x03, 0x3f, 0x06, 0x0d, 0x19, 0x1f, 0x01, 0x01, 0x7f, 0x01, 0x01, 0x01, 0x01, 0x00, 0x00 }, { 0x00, 0x00, 0x00, 0x00, 0x00, 0xfc, 0x00, 0x80, 0x80, 0xf8, 0x80, 0x80, 0xfe, 0x80, 0x80, 0x80, 0x80, 0x00, 0x00 }, { 0x00, 0x00, 0x00 } },
  {0x8f6c, 0x00, { 0x00, 0x00, 0x00, 0x18, 0x18, 0x7f, 0x30, 0x30, 0x79, 0x7e, 0x18, 0x19, 0x1e, 0x78, 0x18, 0x18, 0x18, 0x00, 0x00 }, { 0x00, 0x00, 0x00, 0x30, 0x30, 0xfe, 0x30, 0x60, 0xfe, 0x60, 0xc0, 0xfe, 0x06, 0x0c, 0x78, 0x30, 0x18, 0x00, 0x00 }, { 0x00, 0x00, 0x00 } },
  {0x8f6f, 0x00, { 0x00,0x00,0x00,0x0c,0x0c,0x7f,0x18,0x3c,0x3c,0x7f,0x0c,0x0c,0x0f,0x7c,0x0c,0x0c,0x0d,0x00,0x00}, { 0x00,0x00,0x00,0x60,0x60,0x60,0x7e,0xc6,0xcc,0xb0,0x30,0x30,0x30,0x78,0x78,0xcc,0x86,0x00,0x00}, {0x00,0x00,0x00} },
  {0x8f7d, 0x00, { 0x00, 0x00, 0x00, 0x0c, 0x0c, 0x3f, 0x0c, 0x7f, 0x18, 0x7f, 0x18, 0x3c, 0x3f, 0x0c, 0x7f, 0x0c, 0x0d, 0x00, 0x00 }, { 0x00, 0x00, 0x00, 0x60, 0x78, 0x6c, 0x60, 0xfe, 0x60, 0xec, 0x6c, 0x78, 0x78, 0x36, 0xfe, 0xce, 0x86, 0x00, 0x00 }, { 0x00, 0x00, 0x00 } },
  {0x8f93, 0x00, { 0x00, 0x00, 0x00, 0x30, 0x30, 0x7d, 0x33, 0x67, 0x78, 0x7f, 0x1b, 0x1b, 0x1f, 0x7b, 0x1b, 0x1b, 0x1b, 0x00, 0x00 }, { 0x00, 0x00, 0x00, 0x60, 0xf0, 0x98, 0x0c, 0xfe, 0x00, 0xe6, 0x7e, 0xfe, 0x7e, 0xfe, 0x7e, 0x66, 0xfe, 0x00, 0x00 }, { 0x00, 0x00, 0x00 } },
  {0x8fc7, 0x00, { 0x00, 0x00, 0x00, 0x00, 0x30, 0x18, 0x1f, 0x00, 0x03, 0x79, 0x19, 0x18, 0x18, 0x18, 0x18, 0x3c, 0x67, 0x00, 0x00 }, { 0x00, 0x00, 0x00, 0x18, 0x18, 0x18, 0xfe, 0x18, 0x18, 0x98, 0x98, 0x18, 0x18, 0x18, 0x78, 0x00, 0xfe, 0x00, 0x00 }, { 0x00, 0x00, 0x00 } },
  {0x8fd4, 0x00, { 0x00,0x00,0x00,0x00,0x33,0x1b,0x1b,0x03,0x03,0x7b,0x1b,0x1b,0x1b,0x1e,0x19,0x3c,0x67,0x00,0x00}, { 0x00,0x00,0x00,0x3c,0xe0,0x00,0x00,0xfc,0x0c,0xd8,0x78,0x30,0x78,0xcc,0x8c,0x00,0xfe,0x00,0x00}, {0x00,0x00,0x00} },
  {0x8fd8, 0x00, { 0x00,0x00,0x00,0x00,0x37,0x18,0x18,0x00,0x00,0x79,0x1b,0x1e,0x18,0x18,0x18,0x3c,0x67,0x00,0x00}, { 0x00,0x00,0x00,0x00,0xfe,0x30,0x30,0x60,0xf8,0xec,0x66,0x66,0x60,0x60,0x60,0x00,0xfe,0x00,0x00}, {0x00,0x00,0x00} },
  {0x8fdb, 0x00, { 0x00, 0x00, 0x00, 0x01, 0x31, 0x19, 0x1f, 0x01, 0x01, 0x79, 0x1f, 0x19, 0x19, 0x19, 0x1b, 0x3c, 0x67, 0x00, 0x00 }, { 0x00, 0x00, 0x00, 0x98, 0x98, 0x98, 0xfe, 0x98, 0x98, 0x98, 0xfe, 0x98, 0x98, 0x98, 0x18, 0x00, 0xfe, 0x00, 0x00 }, { 0x00, 0x00, 0x00 } },
  {0x8fde, 0x00, { 0x00, 0x00, 0x00, 0x00, 0x30, 0x1f, 0x19, 0x03, 0x03, 0x7f, 0x18, 0x18, 0x1f, 0x18, 0x18, 0x3c, 0x67, 0x00, 0x00 }, { 0x00, 0x00, 0x00, 0xc0, 0xc0, 0xfc, 0x80, 0x60, 0x60, 0xfc, 0x60, 0x60, 0xfe, 0x60, 0x60, 0x60, 0xfe, 0x00, 0x00 }, { 0x00, 0x00, 0x00 } },
  {0x8ff0, 0x00, { 0x00, 0x00, 0x00, 0x00, 0x30, 0x18, 0x18, 0x07, 0x00, 0x78, 0x19, 0x19, 0x1b, 0x1e, 0x18, 0x3c, 0x67, 0x00, 0x00 }, { 0x00, 0x00, 0x00, 0x60, 0x78, 0x6c, 0x60, 0xfe, 0xe0, 0xf0, 0xf8, 0xec, 0x66, 0x66, 0x60, 0x00, 0xfe, 0x00, 0x00 }, { 0x00, 0x00, 0x00 } },
  {0x9000, 0x00, { 0x00, 0x00, 0x00, 0x00, 0x33, 0x1b, 0x1b, 0x03, 0x03, 0x7b, 0x1b, 0x1b, 0x1b, 0x1b, 0x1b, 0x3c, 0x67, 0x00, 0x00 }, { 0x00, 0x00, 0x00, 0x00, 0xf8, 0x18, 0xf8, 0x18, 0xf8, 0xcc, 0x78, 0x30, 0xd8, 0x8c, 0x0c, 0x00, 0xfe, 0x00, 0x00 }, { 0x00, 0x00, 0x00 } },
  {0x9002, 0x00, { 0x00, 0x00, 0x00, 0x00, 0x33, 0x18, 0x18, 0x07, 0x00, 0x78, 0x1b, 0x1b, 0x1b, 0x1b, 0x18, 0x3c, 0x67, 0x00, 0x00 }, { 0x00, 0x00, 0x00, 0x3c, 0xe0, 0x60, 0x60, 0xfe, 0x60, 0x60, 0xfc, 0x0c, 0x0c, 0xfc, 0x00, 0x00, 0xfe, 0x00, 0x00 }, { 0x00, 0x00, 0x00 } },
  {0x9009, 0x00, { 0x00, 0x00, 0x00, 0x00, 0x33, 0x1b, 0x1b, 0x06, 0x00, 0x7f, 0x18, 0x18, 0x19, 0x1b, 0x1e, 0x3c, 0x67, 0x00, 0x00 }, { 0x00, 0x00, 0x00, 0x60, 0x60, 0x60, 0xfc, 0x60, 0x60, 0xfe, 0xf0, 0xf0, 0xb0, 0x36, 0x1e, 0x00, 0xfe, 0x00, 0x00 }, { 0x00, 0x00, 0x00 } },
  {0x901a, 0x00, { 0x00,0x00,0x00,0x33,0x18,0x18,0x03,0x03,0x7b,0x1b,0x1b,0x1b,0x1b,0x1b,0x1b,0x3c,0x67,0x00,0x00}, { 0x00,0x00,0x00,0xfc,0xd8,0x70,0xfc,0x6c,0x6c,0xfc,0x6c,0x6c,0xfc,0x6c,0x7c,0x00,0xfe,0x00,0x00}, {0x00,0x00,0x00} },
  {0x901f, 0x00, { 0x00, 0x00, 0x00, 0x00, 0x30, 0x1f, 0x18, 0x03, 0x03, 0x7b, 0x1b, 0x18, 0x19, 0x1b, 0x1e, 0x3c, 0x67, 0x00, 0x00 }, { 0x00, 0x00, 0x00, 0x60, 0x60, 0xfe, 0x60, 0xfc, 0x6c, 0x6c, 0xfc, 0xf0, 0xf8, 0x6c, 0x66, 0x60, 0xfe, 0x00, 0x00 }, { 0x00, 0x00, 0x00 } },
  {0x9020, 0x00, { 0x00,0x00,0x00,0x00,0x33,0x1b,0x1e,0x00,0x07,0x78,0x18,0x1b,0x1b,0x1b,0x1b,0x3c,0x67,0x00,0x00}, { 0x00,0x00,0x00,0x60,0x60,0xfc,0x60,0x60,0xfe,0x00,0x00,0xfc,0x0c,0x0c,0xfc,0x00,0xfe,0x00,0x00}, {0x00,0x00,0x00} },
  {0x90e8, 0x00, { 0x00, 0x00, 0x00, 0x18, 0x0c, 0x3f, 0x00, 0x31, 0x1b, 0x7f, 0x00, 0x00, 0x3f, 0x31, 0x31, 0x3f, 0x31, 0x00, 0x00 }, { 0x00, 0x00, 0x00, 0x00, 0x3e, 0xb6, 0x36, 0xb6, 0x3c, 0xfc, 0x36, 0x36, 0xb6, 0xb6, 0xbc, 0xb0, 0xb0, 0x00, 0x00 }, { 0x00, 0x00, 0x00 } },
  {0x90fd, 0x00, { 0x00, 0x00, 0x00, 0x0c, 0x0d, 0x3f, 0x0f, 0x0f, 0x7f, 0x0c, 0x18, 0x3f, 0x79, 0x1f, 0x19, 0x1f, 0x19, 0x00, 0x00 }, { 0x00, 0x00, 0x00, 0x00, 0xbe, 0xb6, 0x36, 0x36, 0xfc, 0x3c, 0x36, 0xb6, 0xb6, 0xb6, 0xbc, 0xb0, 0xb0, 0x00, 0x00 }, { 0x00, 0x00, 0x00 } },
  {0x914d, 0x00, { 0x00, 0x00, 0x00, 0x00, 0x7f, 0x1e, 0x1e, 0x7f, 0x7f, 0x7f, 0x73, 0x61, 0x7f, 0x61, 0x61, 0x7f, 0x61, 0x00, 0x00 }, { 0x00, 0x00, 0x00, 0x00, 0xfc, 0x0c, 0x0c, 0x8c, 0x8c, 0xfc, 0xe0, 0xe0, 0xe0, 0xe0, 0xe6, 0xe6, 0xbe, 0x00, 0x00 }, { 0x00, 0x00, 0x00 } },
  {0x9192, 0x00, { 0x00, 0x00, 0x00, 0x00, 0x7f, 0x1e, 0x1e, 0x7f, 0x7f, 0x7f, 0x73, 0x61, 0x7f, 0x61, 0x61, 0x7f, 0x61, 0x00, 0x00 }, { 0x00, 0x00, 0x00, 0x00, 0xfe, 0x66, 0x7e, 0xe6, 0xfe, 0x98, 0xf8, 0xfe, 0xd8, 0xfe, 0x98, 0x98, 0xfe, 0x00, 0x00 }, { 0x00, 0x00, 0x00 } },
  {0x91cc, 0x00, { 0x00, 0x00, 0x00, 0x3f, 0x31, 0x31, 0x3f, 0x31, 0x31, 0x3f, 0x01, 0x01, 0x3f, 0x01, 0x01, 0x01, 0x7f, 0x00, 0x00 }, { 0x00, 0x00, 0x00, 0xfc, 0x8c, 0x8c, 0xfc, 0x8c, 0x8c, 0xfc, 0x80, 0x80, 0xfc, 0x80, 0x80, 0x80, 0xfe, 0x00, 0x00 }, { 0x00, 0x00, 0x00 } },
  {0x91cd, 0x00, { 0x00, 0x00, 0x00, 0x00, 0x3f, 0x01, 0x7f, 0x01, 0x1f, 0x19, 0x1f, 0x19, 0x1f, 0x01, 0x3f, 0x01, 0x7f, 0x00, 0x00 }, { 0x00, 0x00, 0x00, 0xfc, 0x80, 0x80, 0xfe, 0x80, 0xf8, 0x98, 0xf8, 0x98, 0xf8, 0x80, 0xfc, 0x80, 0xfe, 0x00, 0x00 }, { 0x00, 0x00, 0x00 } },
  {0x91cf, 0x00, { 0x00, 0x00, 0x00, 0x1f, 0x1b, 0x19, 0x1f, 0x00, 0x7f, 0x19, 0x1f, 0x19, 0x1f, 0x01, 0x3f, 0x01, 0x7f, 0x00, 0x00 }, { 0x00, 0x00, 0x00, 0xf8, 0x18, 0x98, 0xf8, 0x00, 0xfe, 0x98, 0xf8, 0x98, 0xf8, 0x80, 0xfc, 0x80, 0xfe, 0x00, 0x00 }, { 0x00, 0x00, 0x00 } },
  {0x949f, 0x00, { 0x00, 0x00, 0x00, 0x18, 0x18, 0x1e, 0x31, 0x61, 0x3f, 0x19, 0x19, 0x7f, 0x19, 0x18, 0x1e, 0x1c, 0x18, 0x00, 0x00 }, { 0x00, 0x00, 0x00, 0x30, 0x30, 0x30, 0xfe, 0xb6, 0xb6, 0xb6, 0xb6, 0xfe, 0xb6, 0x30, 0x30, 0x30, 0x30, 0x00, 0x00 }, { 0x00, 0x00, 0x00 } },
  {0x94a5, 0x00, { 0x00,0x00,0x00,0x18,0x18,0x1e,0x30,0x60,0x3e,0x18,0x18,0x7e,0x18,0x18,0x1f,0x1d,0x1b,0x00,0x00}, { 0x00,0x00,0x00,0x00,0xfe,0xc6,0xc6,0xc6,0xfe,0xc6,0xc6,0xfe,0xc6,0xc6,0x86,0x86,0x1e,0x00,0x00}, {0x00,0x00,0x00} },
  {0x94fe, 0x00, { 0x00, 0x00, 0x00, 0x36, 0x33, 0x3b, 0x60, 0x00, 0x7f, 0x33, 0x33, 0x7b, 0x33, 0x33, 0x3b, 0x37, 0x0c, 0x00, 0x00 }, { 0x00, 0x00, 0x00, 0x30, 0x30, 0xfe, 0x60, 0xd8, 0xd8, 0xfe, 0x18, 0x18, 0xfe, 0x18, 0x18, 0x98, 0xfe, 0x00, 0x00 }, { 0x00, 0x00, 0x00 } },
  {0x9519, 0x00, { 0x00, 0x00, 0x00, 0x18, 0x18, 0x1f, 0x30, 0x60, 0x3f, 0x18, 0x19, 0x7f, 0x19, 0x19, 0x1f, 0x1d, 0x19, 0x00, 0x00 }, { 0x00, 0x00, 0x00, 0xd8, 0xd8, 0xfc, 0xd8, 0xd8, 0xfe, 0x00, 0xfc, 0x8c, 0x8c, 0xfc, 0x8c, 0x8c, 0xfc, 0x00, 0x00 }, { 0x00, 0x00, 0x00 } },
  {0x952e, 0x00, { 0x00, 0x00, 0x00, 0x18, 0x18, 0x1f, 0x31, 0x61, 0x3f, 0x1b, 0x19, 0x7d, 0x19, 0x1f, 0x1f, 0x1f, 0x0c, 0x00, 0x00 }, { 0x00, 0x00, 0x00, 0x30, 0x30, 0xfc, 0xbc, 0xfe, 0x3c, 0xfc, 0xb0, 0xfc, 0xb0, 0xfe, 0x30, 0xf0, 0x7e, 0x00, 0x00 }, { 0x00, 0x00, 0x00 } },
  {0x957f, 0x00, { 0x00,0x00,0x00,0x0c,0x0c,0x0c,0x0c,0x0d,0x0c,0x7f,0x0d,0x0c,0x0c,0x0c,0x0f,0x0e,0x0c,0x00,0x00}, { 0x00,0x00,0x00,0x18,0x30,0x60,0xc0,0x80,0x00,0xfe,0x80,0xc0,0x60,0x30,0x18,0x0e,0x00,0x00,0x00}, {0x00,0x00,0x00} },
  {0x95a2, 0x00, { 0x00, 0x00, 0x00, 0x3f, 0x33, 0x3f, 0x33, 0x3f, 0x36, 0x33, 0x37, 0x31, 0x3f, 0x33, 0x36, 0x3c, 0x30, 0x00, 0x00 }, { 0x00, 0x00, 0x00, 0x7e, 0x66, 0x7e, 0x66, 0x7e, 0x36, 0x66, 0xf6, 0x86, 0xfe, 0x66, 0x36, 0x36, 0x0e, 0x00, 0x00 }, { 0x00, 0x00, 0x00 } },
  {0x95e8, 0x00, { 0x00,0x00,0x00,0x18,0x0f,0x0c,0x30,0x30,0x30,0x30,0x30,0x30,0x30,0x30,0x30,0x30,0x30,0x00,0x00}, { 0x00,0x00,0x00,0x00,0xfe,0x06,0x06,0x06,0x06,0x06,0x06,0x06,0x06,0x06,0x06,0x06,0x1e,0x00,0x00}, {0x00,0x00,0x00} },
  {0x95ea, 0x00, { 0x00,0x00,0x00,0x18,0x0f,0x00,0x30,0x31,0x31,0x31,0x33,0x36,0x3c,0x30,0x30,0x30,0x30,0x00,0x00}, { 0x00,0x00,0x00,0x00,0xfe,0x06,0x06,0x86,0x86,0x86,0xc6,0x66,0x36,0x06,0x06,0x06,0x0e,0x00,0x00}, {0x00,0x00,0x00} },
  {0x95ed, 0x00, { 0x00, 0x00, 0x00, 0x30, 0x1f, 0x00, 0x30, 0x30, 0x3f, 0x30, 0x31, 0x33, 0x36, 0x3c, 0x31, 0x30, 0x30, 0x00, 0x00 }, { 0x00, 0x00, 0x00, 0x00, 0xfe, 0x06, 0x66, 0x66, 0xfe, 0xe6, 0xe6, 0x66, 0x66, 0x66, 0xe6, 0x06, 0x1e, 0x00, 0x00 }, { 0x00, 0x00, 0x00 } },
  {0x95ee, 0x00, { 0x00, 0x00, 0x00, 0x18, 0x0f, 0x00, 0x30, 0x30, 0x37, 0x36, 0x36, 0x36, 0x37, 0x30, 0x30, 0x30, 0x30, 0x00, 0x00 }, { 0x00, 0x00, 0x00, 0x00, 0xfe, 0x06, 0x06, 0x06, 0xf6, 0x36, 0x36, 0x36, 0xf6, 0x06, 0x06, 0x06, 0x0e, 0x00, 0x00 }, { 0x00, 0x00, 0x00 } },
  {0x95f4, 0x00, { 0x00, 0x00, 0x00, 0x18, 0x0f, 0x0c, 0x30, 0x37, 0x36, 0x36, 0x37, 0x36, 0x36, 0x37, 0x30, 0x30, 0x30, 0x00, 0x00 }, { 0x00, 0x00, 0x00, 0x00, 0xfe, 0x06, 0x06, 0xf6, 0x36, 0x36, 0xf6, 0x36, 0x36, 0xf6, 0x06, 0x06, 0x1e, 0x00, 0x00 }, { 0x00, 0x00, 0x00 } },
  {0x9608, 0x00, { 0x00,0x00,0x00,0x30,0x1f,0x00,0x30,0x3f,0x30,0x3f,0x3f,0x3f,0x3f,0x30,0x33,0x3e,0x31,0x00,0x00}, { 0x00,0x00,0x00,0x00,0xfe,0xde,0xc6,0xfe,0xc6,0xf6,0xf6,0xf6,0xf6,0x66,0xfe,0xfe,0x9e,0x00,0x00}, {0x00,0x00,0x00} },
  {0x9650, 0x00, { 0x00, 0x00, 0x00, 0x00, 0x3f, 0x37, 0x37, 0x3d, 0x3d, 0x37, 0x37, 0x37, 0x37, 0x3d, 0x31, 0x31, 0x31, 0x00, 0x00 }, { 0x00, 0x00, 0x00, 0x00, 0xfc, 0x8c, 0x8c, 0xfc, 0x8c, 0x8c, 0xfc, 0xb6, 0xbc, 0x98, 0xf8, 0xcc, 0x86, 0x00, 0x00 }, { 0x00, 0x00, 0x00 } },
  {0x9664, 0x00, { 0x00, 0x00, 0x00, 0x00, 0x7c, 0x6c, 0x6d, 0x7b, 0x7f, 0x6c, 0x6c, 0x6f, 0x6c, 0x7b, 0x63, 0x66, 0x61, 0x00, 0x00 }, { 0x00, 0x00, 0x00, 0x60, 0x60, 0xf0, 0x98, 0x0c, 0xfe, 0x60, 0x60, 0xfc, 0x60, 0x6c, 0x66, 0x66, 0xe0, 0x00, 0x00 }, { 0x00, 0x00, 0x00 } },
  {0x96f6, 0x00, { 0x00, 0x00, 0x00, 0x1f, 0x01, 0x7f, 0x61, 0x7f, 0x01, 0x1f, 0x07, 0x1c, 0x71, 0x0f, 0x00, 0x0f, 0x01, 0x00, 0x00 }, { 0x00, 0x00, 0x00, 0xf8, 0x80, 0xfe, 0x86, 0xfe, 0x80, 0xf8, 0xe0, 0x38, 0x8e, 0xf0, 0x60, 0xc0, 0xc0, 0x00, 0x00 }, { 0x00, 0x00, 0x00 } },
  {0x9700, 0x00, { 0x00,0x00,0x00,0x1f,0x01,0x7f,0x61,0x7f,0x01,0x1f,0x00,0x7f,0x03,0x3f,0x36,0x36,0x30,0x00,0x00}, { 0x00,0x00,0x00,0xf8,0x80,0xfe,0x86,0xfe,0x80,0xf8,0x00,0xfe,0x00,0xfc,0xcc,0xcc,0x3c,0x00,0x00}, {0x00,0x00,0x00} },
  {0x9759, 0x00, { 0x00,0x00,0x00,0x18,0x7e,0x19,0x7f,0x19,0x7e,0x00,0x7f,0x66,0x7e,0x67,0x7e,0x66,0x6f,0x00,0x00}, { 0x00,0x00,0x00,0xc0,0xf8,0x98,0x30,0xfc,0x6c,0x6c,0xfe,0x6c,0x6c,0xfc,0x6c,0x60,0xe0,0x00,0x00}, {0x00,0x00,0x00} },
  {0x9762, 0x00, { 0x00, 0x00, 0x00, 0x7f, 0x01, 0x03, 0x3f, 0x36, 0x36, 0x37, 0x36, 0x36, 0x37, 0x36, 0x36, 0x3f, 0x30, 0x00, 0x00 }, { 0x00, 0x00, 0x00, 0xfe, 0x80, 0x00, 0xfc, 0x6c, 0x6c, 0xec, 0x6c, 0x6c, 0xec, 0x6c, 0x6c, 0xfc, 0x0c, 0x00, 0x00 }, { 0x00, 0x00, 0x00 } },
  {0x9875, 0x00, { 0x00, 0x00, 0x00, 0x00, 0x7f, 0x01, 0x03, 0x3f, 0x30, 0x31, 0x31, 0x31, 0x31, 0x33, 0x06, 0x1c, 0x70, 0x00, 0x00 }, { 0x00, 0x00, 0x00, 0x00, 0xfe, 0x80, 0x00, 0xfc, 0x0c, 0x8c, 0x8c, 0x8c, 0x8c, 0x0c, 0xf0, 0x1c, 0x06, 0x00, 0x00 }, { 0x00, 0x00, 0x00 } },
  {0x9879, 0x00, { 0x00, 0x00, 0x00, 0x00, 0x03, 0x7c, 0x18, 0x1b, 0x1b, 0x1b, 0x1b, 0x1b, 0x1f, 0x70, 0x01, 0x03, 0x06, 0x00, 0x00 }, { 0x00, 0x00, 0x00, 0x00, 0xfe, 0x60, 0xc0, 0xfc, 0x0c, 0x6c, 0x6c, 0x6c, 0xcc, 0xf0, 0x98, 0x0c, 0x0c, 0x00, 0x00 }, { 0x00, 0x00, 0x00 } },
  {0x987a, 0x00, { 0x00, 0x00, 0x00, 0x03, 0x33, 0x3f, 0x3f, 0x3f, 0x3f, 0x3f, 0x3f, 0x3f, 0x3f, 0x3f, 0x3f, 0x33, 0x63, 0x00, 0x00 }, { 0x00, 0x00, 0x00, 0x00, 0xfe, 0x30, 0x60, 0xfe, 0xc6, 0xf6, 0xf6, 0xf6, 0xf6, 0xf6, 0x78, 0xcc, 0x86, 0x00, 0x00 }, { 0x00, 0x00, 0x00 } },
  {0x987b, 0x00, { 0x00,0x00,0x00,0x0c,0x0f,0x18,0x30,0x6f,0x0f,0x1b,0x33,0x63,0x0f,0x18,0x31,0x63,0x06,0x00,0x00}, { 0x00,0x00,0x00,0x00,0xfe,0x60,0xc0,0xfc,0x0c,0x6c,0x6c,0x6c,0xcc,0xf0,0x98,0x0c,0x0c,0x00,0x00}, {0x00,0x00,0x00} },
  {0x9884, 0x00, { 0x00, 0x00, 0x00, 0x00, 0x7f, 0x06, 0x3c, 0x18, 0x7e, 0x1e, 0x18, 0x18, 0x18, 0x18, 0x18, 0x18, 0x79, 0x00, 0x00 }, { 0x00, 0x00, 0x00, 0x00, 0xfe, 0x30, 0x60, 0xfc, 0xcc, 0xfc, 0xfc, 0xfc, 0xfc, 0xfc, 0x78, 0xcc, 0x8c, 0x00, 0x00 }, { 0x00, 0x00, 0x00 } },
  {0x9891, 0x00, { 0x00, 0x00, 0x00, 0x0c, 0x0d, 0x3f, 0x3c, 0x3c, 0x7f, 0x00, 0x0c, 0x3f, 0x6f, 0x06, 0x0c, 0x18, 0x71, 0x00, 0x00 }, { 0x00, 0x00, 0x00, 0x00, 0xfe, 0x30, 0x60, 0xfc, 0xcc, 0xfc, 0xfc, 0xfc, 0xfc, 0xfc, 0x78, 0xcc, 0x8c, 0x00, 0x00 }, { 0x00, 0x00, 0x00 } },
  {0x98ce, 0x00, { 0x00, 0x00, 0x00, 0x3f, 0x30, 0x30, 0x3c, 0x36, 0x33, 0x31, 0x31, 0x33, 0x33, 0x36, 0x3c, 0x30, 0x60, 0x00, 0x00 }, { 0x00, 0x00, 0x00, 0xf8, 0x18, 0x78, 0x78, 0xd8, 0xd8, 0x98, 0x98, 0xd8, 0xd8, 0x7e, 0x7e, 0x0e, 0x06, 0x00, 0x00 }, { 0x00, 0x00, 0x00 } },
  {0x98de, 0x00, { 0x00, 0x00, 0x00, 0x00, 0x7f, 0x00, 0x00, 0x00, 0x00, 0x00, 0x00, 0x00, 0x00, 0x00, 0x00, 0x00, 0x00, 0x00, 0x00 }, { 0x00, 0x00, 0x00, 0x00, 0xe0, 0x60, 0x6c, 0x78, 0x70, 0x78, 0x6c, 0x60, 0x30, 0x36, 0x1e, 0x0e, 0x06, 0x00, 0x00 }, { 0x00, 0x00, 0x00 } },
  {0x9a71, 0x00, { 0x00, 0x00, 0x00, 0x00, 0x7e, 0x06, 0x36, 0x36, 0x36, 0x36, 0x3f, 0x03, 0x03, 0x1f, 0x73, 0x03, 0x0e, 0x00, 0x00 }, { 0x00, 0x00, 0x00, 0x00, 0xfe, 0xc0, 0xc0, 0xec, 0xfc, 0xfc, 0xd8, 0xd8, 0xfc, 0xfc, 0xec, 0xc0, 0xfe, 0x00, 0x00 }, { 0x00, 0x00, 0x00 } },
  {0x9a8c, 0x00, { 0x00, 0x00, 0x00, 0x00, 0x78, 0x18, 0x19, 0x7b, 0x7f, 0x78, 0x7c, 0x0c, 0x1f, 0x7d, 0x0d, 0x0c, 0x3f, 0x00, 0x00 }, { 0x00, 0x00, 0x00, 0x60, 0x60, 0xf0, 0x98, 0x0c, 0xfe, 0x00, 0xcc, 0x6c, 0x6c, 0x98, 0x98, 0x30, 0xfe, 0x00, 0x00 }, { 0x00, 0x00, 0x00 } },
  {0x9ad8, 0x00, { 0x00, 0x00, 0x00, 0x03, 0x01, 0x7f, 0x00, 0x0f, 0x0c, 0x0f, 0x00, 0x3f, 0x30, 0x37, 0x36, 0x37, 0x30, 0x00, 0x00 }, { 0x00, 0x00, 0x00, 0x00, 0x80, 0xfe, 0x00, 0xf0, 0x30, 0xf0, 0x00, 0xfc, 0x0c, 0xec, 0x6c, 0xec, 0x1c, 0x00, 0x00 }, { 0x00, 0x00, 0x00 } },
  {0x9ed1, 0x00, { 0x00,0x00,0x00,0x00,0x3f,0x31,0x3d,0x37,0x3f,0x01,0x3f,0x01,0x7f,0x00,0x36,0x33,0x63,0x00,0x00}, { 0x00,0x00,0x00,0x00,0xfc,0x8c,0xbc,0xec,0xfc,0x80,0xfc,0x80,0xfe,0x00,0xcc,0x66,0x66,0x00,0x00}, {0x00,0x00,0x00} },
  {0x9ed8, 0x00, { 0x00, 0x00, 0x00, 0x00, 0x7f, 0x6d, 0x7f, 0x7f, 0x7f, 0x0c, 0x7f, 0x0c, 0x0f, 0x7c, 0x00, 0x7f, 0x7f, 0x00, 0x00 }, { 0x00, 0x00, 0x00, 0x00, 0x98, 0x9c, 0x9e, 0x98, 0xfe, 0x18, 0x98, 0x18, 0x98, 0x3c, 0x3c, 0xec, 0x86, 0x00, 0x00 }, { 0x00, 0x00, 0x00 } },
  {0x9f99, 0x00, { 0x00, 0x00, 0x00, 0x03, 0x03, 0x03, 0x03, 0x7f, 0x03, 0x06, 0x06, 0x06, 0x0c, 0x0c, 0x19, 0x37, 0x60, 0x00, 0x00 }, { 0x00, 0x00, 0x00, 0x00, 0x60, 0x30, 0x00, 0xfe, 0xc0, 0xcc, 0xd8, 0xf0, 0xe0, 0xc0, 0xc6, 0xc6, 0x7e, 0x00, 0x00 }, { 0x00, 0x00, 0x00 } },
  {0xff08, 0x00, { 0x00, 0x00, 0x00, 0x06, 0x0C, 0x0C, 0x18, 0x18, 0x18, 0x18, 0x18, 0x18, 0x0C, 0x0C, 0x06, 0x00, 0x00, 0x00, 0x00 }, { 0x00, 0x00, 0x00, 0x00, 0x00, 0x00, 0x00, 0x00, 0x00, 0x00, 0x00, 0x00, 0x00, 0x00, 0x00, 0x00, 0x00, 0x00, 0x00 }, { 0x00, 0x00, 0x00 } },
  {0xff09, 0x00, { 0x00, 0x00, 0x00, 0xC0, 0x60, 0x60, 0x30, 0x30, 0x30, 0x30, 0x30, 0x30, 0x60, 0x60, 0xC0, 0x00, 0x00, 0x00, 0x00 }, { 0x00, 0x00, 0x00, 0x00, 0x00, 0x00, 0x00, 0x00, 0x00, 0x00, 0x00, 0x00, 0x00, 0x00, 0x00, 0x00, 0x00, 0x00, 0x00 }, { 0x00, 0x00, 0x00 } },
  {0xff0c, 0x00, { 0x00, 0x00, 0x00, 0x00, 0x00, 0x00, 0x00, 0x00, 0x00, 0x00, 0x00, 0x18, 0x18, 0x18, 0x30, 0x00, 0x00, 0x00, 0x00 }, { 0x00, 0x00, 0x00, 0x00, 0x00, 0x00, 0x00, 0x00, 0x00, 0x00, 0x00, 0x00, 0x00, 0x00, 0x00, 0x00, 0x00, 0x00, 0x00 }, { 0x00, 0x00, 0x00 } },
  
#else

  //#include "FullChinese.h"
  #include "FullChineseWenQuanYiZheng.h"

#endif

{ 0x00, 0x00, { 0x00,0x00,0x00,0x00,0x00,0x00,0x00,0x00,0x00,0x00,0x00,0x00,0x00,0x00,0x00,0x00,0x00,0x00,0x00}} 

};

// Get available Unicode glyphs wide fonts(16*19 pixels) size.
UINT32 mWideFontSize =  sizeof (gCnFontWideGlyphData);

